"Word","Type","Content"
"a","CEBWORD","a"
"a","WORDTYPE","n"
"a","TEXT","letter A."
"a","CEBWORD","walay —"
"a","TEXT","illiterate."
"-a","CEBWORD","-a"
"-a","TEXT","subjunctive direct passive affix."
"-a","LINK","-un"
"-a(←)","CEBWORD","-a(←)"
"-a(←)","NUMBER","1"
"-a(←)","TEXT","affix added to nouns forming words which refer to a specific one of several:"
"-a(←)","CEBPHRASE","Kanang isdáa, dílì kadtu,"
"-a(←)","TEXT","That fish there, not that one further over."
"-a(←)","CEBPHRASE","Háing baláya ang íla?"
"-a(←)","TEXT","Which house is theirs?"
"-a(←)","NUMBER","1a"
"-a(←)","TEXT","added to possessive pronouns: the particular one that belongs to [so-and-so]."
"-a(←)","CEBPHRASE","Dakù ang amúang balay, gamay tung iláha,"
"-a(←)","TEXT","Our house is large, and theirs is small."
"-a(←)","NUMBER","2"
"-a(←)","TEXT","affix added to adjectives to form exclamation."
"-a(←)","CEBPHRASE","Dakúa uy!"
"-a(←)","TEXT","My! How big it is!"
"-a(←)","CEBPHRASE","Patyun tikaw, irúa ka!"
"-a(←)","TEXT","I’ll kill you, you dog you!"
"-a(←)","CEBPHRASE","Ngilngígang awtúha à!"
"-a(←)","TEXT","That’s some car!"
"á","CEBWORD","á"
"á","TEXT","particle used as a pause word before starting to speak."
"á","NUMBER","1"
"á","TEXT","as a filler."
"á","CEBPHRASE","á, muanhi ka ugmà?"
"á","TEXT","Um, are you going to come here tomorrow?"
"á","NUMBER","2"
"á","TEXT","deprecating or showing unimportance of what just preceded."
"á","CEBPHRASE","á, paríha ra nákù,"
"á","TEXT","Oh, it’s all the same to me."
"á","CEBPHRASE","á, nagkumidiya lang siya,"
"á","TEXT","Oh, he’s just joking."
"á","NUMBER","3"
"á","TEXT","showing mild disapproval."
"á","CEBPHRASE","á, dì nà mahímù,"
"á","TEXT","Oh, you can’t do that."
"á","NUMBER","4"
"á","TEXT","recalling or conceding s.t."
"á","CEBPHRASE","á, duha diay tu,"
"á","TEXT","Oh, yes. There were two of them, weren’t there."
"á","NUMBER","4a"
"á","TEXT","preceding s.t. just found out."
"á","CEBPHRASE","á, Lítu diay ímung ngálan,"
"á","TEXT","Oh, so your name is Lito."
"á","CEBPHRASE","á, kanindut,"
"á","TEXT","Oh, how nice!"
"á","NUMBER","5"
"á","TEXT","expressing relief."
"á","CEBPHRASE","á, nahuwasan ku,"
"á","TEXT","Ah, what a relief!"
"à","CEBWORD","à"
"à","TEXT","particle preceding or following a sentence with an adjective predicate."
"à","NUMBER","1"
"à","TEXT","dismissing s.t. as impractical, too easy, impossible, etc."
"à","CEBPHRASE","à, mu ra diay nà? Kasayun à!"
"à","TEXT","Oh, is that all there is to it? How easy it is!"
"à","CEBPHRASE","à, ása man ku mutúu nímu,"
"à","TEXT","Hm, you think I could believe you?"
"à","NUMBER","2"
"à","TEXT","showing disapproval."
"à","CEBPHRASE","à, hináya nímung mulíhuk,"
"à","TEXT","Hm! You sure work slowly!"
"à","NUMBER","3"
"à","TEXT","showing surprise."
"à","CEBPHRASE","à, kanindut nímug sinínà,"
"à","TEXT","How come you have such a beautiful dress on!"
"ā̀","CEBWORD","ā̀"
"ā̀","LINK","álà"
"aba<sub>1</sub>","CEBWORD","aba<sub>1</sub>"
"aba<sub>1</sub>","WORDTYPE","n"
"aba<sub>1</sub>","TEXT","breast of fowls."
"aba<sub>2</sub>","CEBWORD","aba<sub>2</sub>"
"aba<sub>2</sub>","TEXT","exclamation of pleasure and surprise."
"aba<sub>2</sub>","CEBPHRASE","Aba! Nakadaug ku,"
"aba<sub>2</sub>","TEXT","My! I won!"
"ábà tuy","CEBWORD","ábà tuy"
"ábà tuy","TEXT","(from <i lang=""cebword"">sábà dihà untuy</i>) shut up!"
"ábà tuy","CEBPHRASE","ábà tuy, maáyu ka lang sa tayáda, wà kay tadtad,"
"ábà tuy","TEXT","Shut up! You’re great at talking, but let’s see you do s.t."
"abaa","CEBWORD","abaa"
"abaa","TEXT","particle indicating disapproval (literary)."
"abaa","CEBPHRASE","Abaa! Mahū́g ka gánì dihà!"
"abaa","TEXT","Stop that! You might fall!"
"*abab","CEBWORD","*abab"
"*abab","CEBWORD","taga-"
"*abab","WORDTYPE","n"
"*abab","TEXT","hillbilly."
"*abab","CEBWORD","pakataga-"
"*abab","WORDTYPE","v"
"*abab","CLASS","[A13; a12]"
"*abab","TEXT","act, treat like, consider a hillbilly."
"*abab","CEBPHRASE","Gipakatagaabab lang ku ninyu. Ihása,"
"*abab","TEXT","You just think I’m a hillbilly. Don’t try to fool me."
"*abab","CEBWORD","— disáya"
"*abab","WORDTYPE","a"
"*abab","TEXT","be the boss and not henpecked."
"ab-ab","CEBWORD","ab-ab"
"ab-ab","WORDTYPE","v"
"ab-ab","CLASS","[A; a]"
"ab-ab","NUMBER","1"
"ab-ab","TEXT","chew to pieces."
"ab-ab","CEBPHRASE","Ab-ábun sa irù ang íyang hikut,"
"ab-ab","TEXT","The dog will chew up his rope."
"ab-ab","NUMBER","2"
"ab-ab","TEXT","eat away, erode."
"ab-ab","CEBPHRASE","Ang pagluib ni Maríya nag-ab-ab sa íyang balatían,"
"ab-ab","TEXT","Maria’s infidelity ate away at his insides."
"ab-ab","CEBPHRASE","Giab-ab ang íyang pinútì sa tayà,"
"ab-ab","TEXT","His sword was eaten away by rust."
"ab-ab","NUMBER","3"
"ab-ab","TEXT","fester."
"ab-ab","CEBPHRASE","Ang nag-ab-ab kung núka,"
"ab-ab","TEXT","My festering wound.†"
"abad","CEBWORD","abad"
"abad","WORDTYPE","n"
"abad","TEXT","abbot."
"ábag","CEBWORD","ábag"
"ábag","WORDTYPE","v"
"ábag","CLASS","[A; b]"
"ábag","TEXT","give material help, help do work."
"ábag","CEBPHRASE","Kinsa may mag-ábag nímu sa ímung pag-iskuyla?"
"ábag","TEXT","Who will help pay for your schooling?"
"ábag","CEBPHRASE","Abági ku áring pagsilhig,"
"ábag","TEXT","Help me sweep."
"ábag","WORDTYPE","n"
"ábag","TEXT","help given."
"ábag","CEBWORD","ka-"
"ábag","WORDTYPE","n"
"ábag","TEXT","helper."
"abaga","CEBWORD","abaga"
"abaga","WORDTYPE","n"
"abaga","TEXT","sweet potatoes growing from the outer vines and not from the main root."
"abága","CEBWORD","abága"
"abága","WORDTYPE","n"
"abága","TEXT","shoulder."
"abága","WORDTYPE","v"
"abága","CLASS","[A2SN; b5]"
"abága","NUMBER","1"
"abága","TEXT","take financial responsibility."
"abága","CEBPHRASE","Abagáhun (pangabagáhun, pangabagáhan) ni Mánuy níya ang galastúhan sa pag-iskuyla,"
"abága","TEXT","His brother will shoulder his school expenses."
"abága","NUMBER","2"
"abága","TEXT","take responsibility for accomplishing s.t."
"abága","CEBPHRASE","Kita giyuy muabága (mangabága) áning prugramáha,"
"abága","TEXT","We must undertake to carry out this program."
"abága","CEBWORD","(→)"
"abága","LINK","abága: v"
"abága","CEBWORD","paN-"
"abága","WORDTYPE","n"
"abága","TEXT","right-hand-man."
"abága","CEBWORD","abagáhun"
"abága","WORDTYPE","a"
"abága","TEXT","broad-shouldered."
"*abáhu","CEBWORD","*abáhu"
"*abáhu","CEBWORD","— kunsidirasiyun, dispusisiyun"
"*abáhu","WORDTYPE","n"
"*abáhu","TEXT","bound by s.o.’s will."
"*abáhu","CEBPHRASE","Abáhu (báhu) <span class=""corr"" id=""xd20e4931"" title=""Source: kunsididirasiyun"">kunsidirasiyun</span> ku sa ákung bána,"
"*abáhu","TEXT","I am bound by my husband’s decisions."
"abaka","CEBWORD","abaka"
"abaka","WORDTYPE","n"
"abaka","NUMBER","1"
"abaka","TEXT","abaca plant: <b lang=""la""><i>Musa textilis</i></b>."
"abaka","NUMBER","2"
"abaka","TEXT","abaca fiber."
"abaka","CEBWORD","abakahan, abakanhan, abakal"
"abaka","WORDTYPE","n"
"abaka","TEXT","abaca plantation."
"abaka","WORDTYPE","v"
"abaka","CLASS","[A3]"
"abaka","TEXT","own an abaca plantation."
"abakáda","CEBWORD","abakáda"
"abakáda","WORDTYPE","n"
"abakáda","TEXT","alphabet."
"abakal","CEBWORD","abakal"
"abakal","LINK","abaka"
"abal","CEBWORD","abal"
"abal","WORDTYPE","n"
"abal","LINK","balbal"
"abal","WORDTYPE","v"
"abal","LINK","abat"
"abalu","CEBWORD","abalu"
"abalu","WORDTYPE","n"
"abalu","TEXT","assessed value."
"abalu","WORDTYPE","v"
"abalu","CLASS","[AB56; b5c]"
"abalu","TEXT","assess, be assessed at."
"abalu","CEBPHRASE","Ug ikaw muabalu sa ákung yútà, ayawg dak-a,"
"abalu","TEXT","If you assess my land, don’t set it too high."
"abalu","CEBPHRASE","Ang yútà miabalu (giabalu, giabaluhan) ug singkwinta mil,"
"abalu","TEXT","The land was assessed at fifty thousand pesos."
"abalwasiyun","CEBWORD","abalwasiyun"
"abalwasiyun","WORDTYPE","n"
"abalwasiyun","TEXT","assessment."
"abalwasiyun","CEBPHRASE","Purus dagkug abalwasiyun ang mga yútà dinhi sa syudad,"
"abalwasiyun","TEXT","The lots in the city all have high assessments."
"abandunar","CEBWORD","abandunar"
"abandunar","WORDTYPE","v"
"abandunar","CLASS","[A3P; c1]"
"abandunar","TEXT","abandon, neglect."
"abandunar","CEBPHRASE","Nag-abandunar na lang siya sa íyang kaugalíngun sukad mamatay ang íyang asáwa,"
"abandunar","TEXT","He neglected himself entirely after his wife died."
"abandunar","CEBPHRASE","Ayaw abandunaha (iabandunar) ang ímung pamilya,"
"abandunar","TEXT","Do not abandon your family."
"abandunar","CEBWORD","abandunádu"
"abandunar","WORDTYPE","a"
"abandunar","NUMBER","1"
"abandunar","TEXT","abandoned."
"abandunar","NUMBER","2"
"abandunar","TEXT","neglectful."
"abandunar","WORDTYPE","v"
"abandunar","LINK","abandunar"
"abandúnu","CEBWORD","abandúnu"
"abandúnu","LINK","abandunar"
"ábang","CEBWORD","ábang"
"ábang","WORDTYPE","v"
"ábang","NUMBER","1"
"ábang","CLASS","[A2S; b]"
"ábang","TEXT","rent."
"ábang","CEBPHRASE","Ang usa ka kwartu giabángan sa tigúlang,"
"ábang","TEXT","The old man rents one of the rooms."
"ábang","NUMBER","2"
"ábang","CLASS","[b]"
"ábang","TEXT","hire a prostitute."
"ábang","NUMBER","3"
"ábang","CLASS","[A2; c]"
"ábang","TEXT","make an offering to a supernatural being for the use of land which is thought to be in his possession."
"ábang","CEBPHRASE","Iábang ni nákung baktína álang sa uma,"
"ábang","TEXT","I will sacrifice this pig as rental for the land."
"ábang","WORDTYPE","n"
"ábang","NUMBER","1"
"ábang","TEXT","rent paid."
"ábang","CEBPHRASE","Pilay ábang nímu sa libru?"
"ábang","TEXT","How much rent did you pay for the book?"
"ábang","NUMBER","2"
"ábang","TEXT","money paid a prostitute."
"ábang","NUMBER","3"
"ábang","TEXT","toil taken by supernatural beings."
"ábang","CEBPHRASE","Kadtung nalumus dinhi ábang kunu tu sa ingkantu,"
"ábang","TEXT","The man who drowned here is said to have been the rent collected by the supernatural spirit."
"ábang","CEBWORD","paN-"
"ábang","WORDTYPE","v"
"ábang","CLASS","[A2]"
"ábang","TEXT","patronize a prostitute."
"ábang","CEBWORD","-an(→)<span class=""corr"" id=""xd20e5140"" title=""Not in source""><sub>1</sub></span>"
"ábang","NUMBER","1, 2, 3"
"ábang","LINK","ábang: n"
"ábang","NUMBER","4"
"ábang","TEXT","haunted place, place where departed spirits take a toll or rent."
"ábang","CEBPHRASE","Abangan kunu kanang baláya. Náa giyuy mamatay káda túig,"
"ábang","TEXT","That house is haunted (lit. has a rental on it). Each year s.o. dies there."
"abangan<span class=""corr"" id=""xd20e5164"" title=""Not in source""><sub>2</sub></span>","CEBWORD","abangan<span class=""corr"" id=""xd20e5164"" title=""Not in source""><sub>2</sub></span>"
"abangan<span class=""corr"" id=""xd20e5164"" title=""Not in source""><sub>2</sub></span>","WORDTYPE","n"
"abangan<span class=""corr"" id=""xd20e5164"" title=""Not in source""><sub>2</sub></span>","TEXT","k.o. rattan used as anchor rope for a <i lang=""cebword"">búbu</i> fish trap."
"abánid","CEBWORD","abánid"
"abánid","WORDTYPE","v"
"abánid","CLASS","[A; c1]"
"abánid","TEXT","do s.t. step by step, and in sequence."
"abánid","CEBPHRASE","Iabánid (abaníra) kini pagpintal arun dílì magkampat,"
"abánid","TEXT","Paint it one square at a time so it will come out even."
"abánid","WORDTYPE","a"
"abánid","TEXT","done in succession, order."
"abánid","CEBPHRASE","Abánid ang íyang pagsukut sa mga istudyanti,"
"abánid","TEXT","He asked the students one after another in turn."
"abaníku","CEBWORD","abaníku"
"abaníku","WORDTYPE","n"
"abaníku","NUMBER","1"
"abaníku","TEXT","folding fan."
"abaníku","NUMBER","1a"
"abaníku","TEXT","fan of any sort for fanning oneself."
"abaníku","NUMBER","2"
"abaníku","TEXT","blackberry lily, k.o. bulbous ornamental: <b lang=""la""><i>Balamcanda chinensis</i></b>. It is so called because the leaves are arranged like an opened fan."
"abaníku","NUMBER","3"
"abaníku","LINK","baníku"
"abaníku","NUMBER","4"
"abaníku","CEBWORD","kurta di-"
"abaníku","LINK","kurta<sub>1</sub>"
"abaníku","WORDTYPE","v"
"abaníku","NUMBER","1"
"abaníku","CLASS","[a12]"
"abaníku","TEXT","make into a fan."
"abaníku","NUMBER","2"
"abaníku","CLASS","[A; b6]"
"abaníku","TEXT","fan s.o."
"abaníku","CEBWORD","paN-"
"abaníku","WORDTYPE","v"
"abaníku","CLASS","[A2]"
"abaníku","TEXT","fan oneself."
"abaníku","CEBWORD","inabaníku"
"abaníku","WORDTYPE","n"
"abaníku","TEXT","s.t. made in such a way that it can be folded for storage, e.g., a folding chair, jackknife."
"abansáda","CEBWORD","abansáda"
"abansáda","WORDTYPE","a"
"abansáda","TEXT","exposed to the wind."
"abansáda","WORDTYPE","v"
"abansáda","CLASS","[B12; c1]"
"abansáda","TEXT","for s.t. to be directly open to the wind."
"abansáda","CEBPHRASE","Naabansáda sa hángin ang ákung bukubuku, maung gisip-un ku,"
"abansáda","TEXT","My back was directly exposed to the wind. That’s why I caught cold."
"abansáda","CEBPHRASE","Ayaw abansadáha (iabansáda) sa hángin ang inyung bintánà,"
"abansáda","TEXT","Don’t put a window right where it catches the full breeze."
"*abansi","CEBWORD","*abansi"
"*abansi","CEBWORD","miting di —"
"*abansi","TEXT","grand rally immediately prior to an election."
"abansin","CEBWORD","abansin"
"abansin","WORDTYPE","v"
"abansin","CLASS","[A]"
"abansin","TEXT","advance, for a body of people to move forward."
"abansin","CEBPHRASE","Ang mga Hapúnis miabansin sa pátag sa Lusun,"
"abansin","TEXT","The Japanese advanced over the plains of Luzon."
"abanti","CEBWORD","abanti"
"abanti","WORDTYPE","a"
"abanti","NUMBER","1"
"abanti","TEXT","forward, ahead."
"abanti","CEBPHRASE","Abanti ka rang milingkud,"
"abanti","TEXT","You took a seat too far to the front."
"abanti","NUMBER","2"
"abanti","TEXT","ahead in score."
"abanti","WORDTYPE","v"
"abanti","NUMBER","1a"
"abanti","CLASS","[A2; c]"
"abanti","TEXT","move forward."
"abanti","CEBPHRASE","Muabanti kag diyútay, matambug ka sa bangag,"
"abanti","TEXT","If you move forward any more, you will fall into the hole."
"abanti","CEBPHRASE","Iabanti nang ímung awtug diyútay,"
"abanti","TEXT","Move your car forward a bit."
"abanti","NUMBER","1b"
"abanti","CLASS","[A; a]"
"abanti","TEXT","be ahead, have more points in a game."
"abanti","CEBPHRASE","Naabantíhan mu námug diyis puntus,"
"abanti","TEXT","We were ten points ahead of you."
"abanti","NUMBER","2"
"abanti","CLASS","[A2; a12]"
"abanti","TEXT","keep up with s.t."
"abanti","CEBPHRASE","Dì ku makaabanti sa galastúhan sa iskuylahan,"
"abanti","TEXT","I cannot keep up with the school payments."
"abanti","NUMBER","3"
"abanti","CLASS","[A2; a12]"
"abanti","TEXT","endure work."
"abanti","CEBPHRASE","Dì ku makaabanti sa pagdáru kay dautun ku,"
"abanti","TEXT","I can’t keep up with the plowing because I’m sickly."
"abanti","NUMBER","4a"
"abanti","CLASS","[A]"
"abanti","TEXT","ask part payment in advance, especially in salary."
"abanti","NUMBER","4b"
"abanti","CLASS","[c]"
"abanti","TEXT","give s.o. a cash advance on his salary or other payment."
"abanti","WORDTYPE","n"
"abanti","NUMBER","1"
"abanti","TEXT","front wheel(s)."
"abanti","CEBPHRASE","Nahiyus ang abanti sa mutur,"
"abanti","TEXT","The front tire of the motorcycle is flat."
"abanti","NUMBER","2"
"abanti","TEXT","forward gear."
"abanti","NUMBER","3"
"abanti","TEXT","front seat in a car."
"abanti","CEBWORD","atras —"
"abanti","LINK","atras"
"abánu","CEBWORD","abánu"
"abánu","WORDTYPE","n"
"abánu","TEXT","factory-made cigar."
"abánu","WORDTYPE","v"
"abánu","NUMBER","1"
"abánu","CLASS","[A; a12]"
"abánu","TEXT","make into a cigar."
"abánu","NUMBER","2"
"abánu","CLASS","[A123S]"
"abánu","TEXT","have, obtain a cigar."
"abánu","CEBWORD","paN-"
"abánu","WORDTYPE","v"
"abánu","CLASS","[A2]"
"abánu","TEXT","smoke a cigar."
"abat","CEBWORD","abat"
"abat","WORDTYPE","n"
"abat","NUMBER","1"
"abat","TEXT","any supernatural being or human with supernatural powers which shows itself in an unexpected and startling way."
"abat","NUMBER","2"
"abat","TEXT","one who is ‘it’ in games."
"abat","WORDTYPE","v"
"abat","NUMBER","1"
"abat","CLASS","[A2; a2]"
"abat","TEXT","head off s.o."
"abat","CEBPHRASE","Maapsan pa nímu siya ug ímung abatun sa iskína,"
"abat","TEXT","You can still catch up with him if you head him off at the corner."
"abat","NUMBER","2"
"abat","CLASS","[AN; a12]"
"abat","TEXT","frighten s.o. by appearing suddenly or otherwise startling him."
"abat","CEBPHRASE","Ig-ági níya, abta siya,"
"abat","TEXT","When he comes by, give him a scare."
"abat","CEBWORD","alabtan, abtanan"
"abat","WORDTYPE","a"
"abat","TEXT","haunted, place where things appear suddenly."
"abat","CEBWORD","alabtun"
"abat","TEXT","s.o. to whom spirits tend to show themselves."
"abat","CEBWORD","abat-ábat"
"abat","WORDTYPE","n"
"abat","TEXT","game of tag."
"abat","WORDTYPE","v"
"abat","CLASS","[A13]"
"abat","NUMBER","1"
"abat","TEXT","play tag."
"abat","NUMBER","2"
"abat","TEXT","try to meet without succeeding."
"abat","CEBPHRASE","Wà giyud mi magkítà, nag-abat-ábat lang,"
"abat","TEXT","We just kept missing each other."
"ábat<sub>1</sub>","CEBWORD","ábat<sub>1</sub>"
"ábat<sub>1</sub>","WORDTYPE","v"
"ábat<sub>1</sub>","CLASS","[A2S; b6]"
"ábat<sub>1</sub>","TEXT","hold on to s.t. fixed to support oneself."
"ábat<sub>1</sub>","CEBPHRASE","Ang tigúwang miábat sa pasamánu paingun sa táas,"
"ábat<sub>1</sub>","TEXT","The old man held on to the bannister while going upstairs."
"ábat<sub>1</sub>","CEBWORD","-an(→)"
"ábat<sub>1</sub>","WORDTYPE","n"
"ábat<sub>1</sub>","TEXT","a railing in shape of a ladder for baby to cling to when he starts to walk."
"ábat<sub>2</sub>","CEBWORD","ábat<sub>2</sub>"
"ábat<sub>2</sub>","WORDTYPE","v"
"ábat<sub>2</sub>","NUMBER","1"
"ábat<sub>2</sub>","CLASS","[A; a1]"
"ábat<sub>2</sub>","TEXT","feel with the hands, esp. to find s.t. out."
"ábat<sub>2</sub>","CEBPHRASE","Nag-ábat siya sa yáwi sa íyang bulsa kung wà ba hibyai,"
"ábat<sub>2</sub>","TEXT","He felt for the key in his pocket to see if he hadn’t left it behind."
"ábat<sub>2</sub>","CEBPHRASE","Abátun ku ang íyang agtang ug hilanatun ba,"
"ábat<sub>2</sub>","TEXT","I’ll touch her forehead to see if she is feverish."
"ábat<sub>2</sub>","NUMBER","2"
"ábat<sub>2</sub>","CLASS","[A123S; a12b2]"
"ábat<sub>2</sub>","TEXT","feel s.t. with the sense of touch."
"ábat<sub>2</sub>","CEBPHRASE","Nakaabat ku sa kabugnaw sa sinihan,"
"ábat<sub>2</sub>","TEXT","I felt the coolness of the movie house."
"ábat<sub>2</sub>","CEBPHRASE","Abátun gánì nímu ang kasakit, musamut giyud,"
"ábat<sub>2</sub>","TEXT","If you think about the pain, it will get worse."
"ábat<sub>2</sub>","NUMBER","3"
"ábat<sub>2</sub>","CLASS","[A123S; b2]"
"ábat<sub>2</sub>","TEXT","happen to notice, sense s.t."
"ábat<sub>2</sub>","CEBPHRASE","Nakaabat kung mu rag may misaka sa ámung báy,"
"ábat<sub>2</sub>","TEXT","I sensed that s.o. had entered our house."
"abay","CEBWORD","abay"
"abay","WORDTYPE","v"
"abay","NUMBER","1"
"abay","CLASS","[AC; b6]"
"abay","TEXT","move along together with s.t. moving."
"abay","CEBPHRASE","Lagmit hiligsan ang bátà kay nag-abay sa tartanilya,"
"abay","TEXT","The child is likely to be run over because he is running alongside of the rig."
"abay","CEBPHRASE","Silang duha nag-ábay paglanguy,"
"abay","TEXT","The two swam side by side."
"abay","NUMBER","1a"
"abay","CEBWORD","— ug sawa"
"abay","TEXT","have a snake born at the same time one is born. The snake is called one’s twin (<i lang=""cebword"">kalúha</i>) and is supposed to bring him and his family luck."
"abay","CEBPHRASE","Pagkatáwu sa ákung iyaan, giabayan (giabyan) ug sawa. Mau nang nadátù ang íyang inahan,"
"abay","TEXT","When my aunt was born, a twin snake was born with her, and so her mother became rich."
"abay","NUMBER","2"
"abay","CLASS","[A2; c]"
"abay","TEXT","go in with s.o. who buys or invests in s.t."
"abay","CEBPHRASE","Ug mupalit kag usa ka sákung humay muabay kug lima ka gantang,"
"abay","TEXT","If you buy a sack of rice, I will go in with you for five ganta’s worth."
"abay","CEBPHRASE","Giabyan níyag singku písus ang ákung pusta,"
"abay","TEXT","He went in for five pesos on my bet."
"abay","NUMBER","3"
"abay","CLASS","[AN]"
"abay","TEXT","go in together in a fishing operation which requires several hands."
"abay","NUMBER","4"
"abay","CLASS","[c1]"
"abay","TEXT","attach a gaff in the <i lang=""cebword"">abay</i> way"
"abay","LINK","abay: n 4"
"abay","WORDTYPE","n"
"abay","NUMBER","1"
"abay","TEXT","money paid as a share in a purchase or investment."
"abay","CEBPHRASE","Ang ákung abay bálig dus písus ra,"
"abay","TEXT","My share is two pesos’ worth."
"abay","NUMBER","2"
"abay","TEXT","bridesmaid or best man."
"abay","NUMBER","3"
"abay","TEXT","man’s male friend."
"abay","NUMBER","3a"
"abay","TEXT","title used by males of the same age to each other. <i lang=""cebword"">short form:</i>"
"abay","CEBWORD","bay"
"abay","TEXT","."
"abay","CEBPHRASE","ása man ning dyípa, bay?"
"abay","TEXT","Where is this jeep headed for, driver?"
"abay","NUMBER","4"
"abay","TEXT","manner of tying a gaff to a cock level with and parallel to the spur to offset any advantage it may have over its opponent."
"abay","CEBWORD","maN-l-(←), maN-r-"
"abay","WORDTYPE","n"
"abay","TEXT","persons who go in together in a fishing operation."
"abay","CEBWORD","-an, abyanan"
"abay","WORDTYPE","n"
"abay","TEXT","life saver."
"abay","CEBWORD","abyan"
"abay","WORDTYPE","n"
"abay","NUMBER","1"
"abay","TEXT","friend, companion."
"abay","CEBPHRASE","Alang kaníya walà siyay láing abyan kun dílì álak,"
"abay","TEXT","He has no other friend except liquor."
"abay","NUMBER","2"
"abay","TEXT","supernatural being that provides a shaman or sorcerer with his power."
"abay","WORDTYPE","v"
"abay","CLASS","[C1]"
"abay","NUMBER","1"
"abay","TEXT","be friends."
"abay","CEBPHRASE","Kita lay mag-abyan,"
"abay","TEXT","Let’s be friends."
"abay","NUMBER","2"
"abay","TEXT","indulge in a bad habit."
"abay","CEBPHRASE","Walà siya makig-abyan sa huguyhúguy,"
"abay","TEXT","He did not indulge in roaming about."
"abgaw","CEBWORD","abgaw"
"abgaw","LINK","adgaw"
"abgaw","CEBWORD","-un"
"abgaw","WORDTYPE","n"
"abgaw","TEXT","k.o. snapper with a yellow streak along the body: <b><i>Lutianus sp</i></b>."
"abhak","CEBWORD","abhak"
"abhak","WORDTYPE","v"
"abhak","CLASS","[A; b5]"
"abhak","TEXT","diminish s.t. by taking away or destroying part of it."
"abhak","CEBPHRASE","Naabhak (naabhákan) ang íyang abága sa bála,"
"abhak","TEXT","The bullet tore a huge piece out of his shoulder."
"abhak","WORDTYPE","n"
"abhak","TEXT","hole left when s.t. is chopped off, out."
"abhak","CEBPHRASE","Dakù kaáyu ang abhak sa káhuy,"
"abhak","TEXT","There’s a big cut in the tree."
"abhak","WORDTYPE","a"
"abhak","TEXT","done in such a way that s.t. is chopped off."
"abhak","CEBPHRASE","Abhak nga pagkabuldúsir ang inyung nataran,"
"abhak","TEXT","Your yard was bulldozed clean."
"abhul","CEBWORD","abhul"
"abhul","LINK","abhung"
"abhung","CEBWORD","abhung"
"abhung","WORDTYPE","a"
"abhung","TEXT","musty and flat in smell: damp clothing, rice, sweet potatoes, salted fish, et al."
"abhung","WORDTYPE","v"
"abhung","CLASS","[B; b6]"
"abhung","TEXT","be, become musty."
"abhung","CEBWORD","-un(→)"
"abhung","WORDTYPE","a"
"abhung","TEXT","of a musty kind."
"abi","CEBWORD","abi"
"abi","LINK","abir: 1, 2"
"ábi","CEBWORD","ábi"
"ábi","NUMBER","1"
"ábi","CEBWORD","— <span class=""rm"">[<i lang=""ceb"">gen.</i>]</span>"
"ábi","TEXT","[gen.] thought, took for granted."
"ábi","CEBPHRASE","ábi nákug tinúud,"
"ábi","TEXT","I thought it was true."
"ábi","CEBWORD","— nímu"
"ábi","TEXT","<a id=""xd20e5830""></a> You know what?"
"ábi","CEBPHRASE","ábi nímu? Nakit-an ku siya nga láig kúyug,"
"ábi","TEXT","You know what? I saw him going out with s.o. else."
"ábi","NUMBER","2"
"ábi","CEBWORD","— kay"
"ábi","TEXT","just because."
"ábi","CEBPHRASE","ábi kay nakadaug sa byúti kuntis midakù na ang úlu,"
"ábi","TEXT","Just because she won the beauty contest she thinks she is s.t."
"ábi","NUMBER","3"
"ábi","CEBWORD","— na lang"
"ábi","TEXT","s.o. might think that."
"ábi","CEBPHRASE","Súkul. ábi na lang, daug."
"ábi","TEXT","Fight back. They might think you give up."
"abiábi","CEBWORD","abiábi"
"abiábi","WORDTYPE","v"
"abiábi","CLASS","[A; a12]"
"abiábi","TEXT","show hospitality to."
"abiábi","CEBPHRASE","Mu giyud ning táwung iládu, abiabíhun giyud sa mga tagilungsud,"
"abiábi","TEXT","The townspeople show hospitality to any famous visitor."
"abiábi","CEBWORD","maabiabíhun, manggiabiabíhun"
"abiábi","WORDTYPE","a"
"abiábi","TEXT","hospitable."
"abíba, abibar","CEBWORD","abíba, abibar"
"abíba, abibar","WORDTYPE","v"
"abíba, abibar","CLASS","[A; b5]"
"abíba, abibar","TEXT","cheer one on, encourage to do."
"abíba, abibar","CEBPHRASE","Nag-abíba sa mga bátag binúang,"
"abíba, abibar","TEXT","Egging the children on in their naughtiness."
"abíba, abibar","WORDTYPE","n"
"abíba, abibar","TEXT","encouragement, egging on."
"abíba, abibar","CEBWORD","maabibáhun"
"abíba, abibar","WORDTYPE","a"
"abíba, abibar","TEXT","giving encouragement, egging on."
"abíhid","CEBWORD","abíhid"
"abíhid","LINK","alabíhid"
"abilay","CEBWORD","abilay"
"abilay","LINK","sambilay"
"abilidad","CEBWORD","abilidad"
"abilidad","WORDTYPE","n"
"abilidad","TEXT","ability, capacity or skill to accomplish s.t."
"abilidad","WORDTYPE","v"
"abilidad","CLASS","[A12]"
"abilidad","TEXT","obtain a certain ability."
"abilidad","CEBWORD","abilidaran"
"abilidad","WORDTYPE","a"
"abilidad","TEXT","skilled, able."
"abilidad","CEBPHRASE","Abilidaran nà si Tunyu. Bansayng mutínis,"
"abilidad","TEXT","Tony has talent. He plays tennis well."
"abilyána","CEBWORD","abilyána"
"abilyána","WORDTYPE","a"
"abilyána","TEXT","tan-colored shoes."
"abilyána","WORDTYPE","n"
"abilyána","TEXT","tan polish."
"abilyána","WORDTYPE","v"
"abilyána","CLASS","[A13]"
"abilyána","TEXT","polish shoes with a light tan polish, color them tan."
"abilyána","CEBPHRASE","Abilyanáha (abilyanáhi) ning sapátus kung putì,"
"abilyána","TEXT","Dye these shoes of mine tan."
"abilyána","CEBPHRASE","Wà kuy bitung itum. Abilyanáhi lang,"
"abilyána","TEXT","I don’t have any black polish. Just put tan polish on them."
"ábin","CEBWORD","ábin"
"ábin","WORDTYPE","v"
"ábin","CLASS","[A2C; b]"
"ábin","NUMBER","1"
"ábin","TEXT","engage in an enterprise or game together."
"ábin","CEBPHRASE","Mag-ábin ta sa pamaligyag pagkáun,"
"ábin","TEXT","Let’s become partners in selling food."
"ábin","NUMBER","2"
"ábin","TEXT","ally on oneself with."
"ábin","CEBPHRASE","Mga hakug sa gahum ang miábin kaníya,"
"ábin","TEXT","People who were greedy for power allied themselves with him."
"ábin","CEBPHRASE","Nakig-ábin aku kaníya sa íyang mga panglantaw sa unáhan,"
"ábin","TEXT","I share his views of the future."
"ábin","WORDTYPE","n"
"ábin","TEXT","partner in business or game."
"ábin","CEBPHRASE","Ug siyay ákung ábin sa bíku kanúnay ming mudaug,"
"ábin","TEXT","When she is my partner in hopscotch, we always win."
"ábin","CEBWORD","ka-"
"ábin","WORDTYPE","n"
"ábin","LINK","ábin"
"abintúra","CEBWORD","abintúra"
"abintúra","WORDTYPE","n"
"abintúra","NUMBER","1"
"abintúra","TEXT","adventures."
"abintúra","NUMBER","2"
"abintúra","TEXT","adventure film, story."
"abintúra","CEBPHRASE","Makítà siya sa mga lílas abintúra,"
"abintúra","TEXT","He appears in adventure films."
"abintúra","WORDTYPE","v"
"abintúra","CLASS","[A; b5]"
"abintúra","NUMBER","1"
"abintúra","TEXT","try going s.w. for the adventure of it."
"abintúra","CEBPHRASE","Nag-abintúra mig katkat sa Manunggal,"
"abintúra","TEXT","We went on an expedition to Mt. Manunggal."
"abintúra","NUMBER","2"
"abintúra","LINK","abinturar"
"abinturar","CEBWORD","abinturar"
"abinturar","WORDTYPE","v"
"abinturar","CLASS","[AN; b5]"
"abinturar","TEXT","try one’s luck."
"abinturar","CEBPHRASE","Miabinturar (nangabinturar) lang siyag aplay básig madáwat,"
"abinturar","TEXT","He tried his luck in applying in hopes he might be accepted."
"abinturar","CEBPHRASE","Abinturahi (abinturaha) lang si Maríyag hangyù,"
"abinturar","TEXT","Try your luck with Maria and ask her."
"abinturar","CEBWORD","abinturíru, -a"
"abinturar","LINK","abinturista"
"abinturar","CEBWORD","abinturista"
"abinturar","WORDTYPE","a"
"abinturar","TEXT","adventurous, tending to try things out without knowing the outcome."
"abinturar","CEBPHRASE","Dì ku mugugul ug kwarta niánà kay dì ku abinturista. Básig dì musalir,"
"abinturar","TEXT","I won’t invest my money on that because I’m not daring. It might just fail."
"abir","CEBWORD","abir"
"abir","NUMBER","1"
"abir","TEXT","particle used in calling attention to a point in contention."
"abir","CEBPHRASE","Ang diyus makagagáhum. Abir, unsáun man nímu pagpangutána diin siya manukad,"
"abir","TEXT","God is almighty. All right then, how can you ask where He comes from?"
"abir","NUMBER","1a"
"abir","TEXT","particle used in inciting a person to do s.t."
"abir","CEBPHRASE","Abir, sulayi ug musalir ba nang paagíha,"
"abir","TEXT","O.K. Just see if that procedure works out."
"abir","CEBPHRASE","Abir, sumbága kunu ku kay isumbung tikaw ni Pápa,"
"abir","TEXT","All right, just try hitting me, and I’ll tell Daddy on you."
"abir","NUMBER","2"
"abir","TEXT","pause word expressing hesitation when one doesn’t know how to do s.t."
"abir","CEBPHRASE","Abir, lisúa nag hínay dúngan sa pagtulbuk ári,"
"abir","TEXT","Let’s see now, turn that slowly and press this at the same time."
"abir","NUMBER","3"
"abir","LINK","ambi"
"abir","CEBWORD","4"
"abir","WORDTYPE","v"
"abir","CLASS","[AN; ac]"
"abir","TEXT","try one’s luck, take a stab at."
"abir","CEBPHRASE","Nangabir (miabir) lang siyag panlútù. Dì hinúun siya kamau,"
"abir","TEXT","He just took a try at cooking. He doesn’t really know how."
"abir","CEBPHRASE","Abirun unyà nákug hangyù si Maríya,"
"abir","TEXT","I’ll just take a stab at asking Maria."
"abir","CEBPHRASE","Iabir kunu ni sa ahinsiya ug dawátun ba,"
"abir","TEXT","Try taking this to the pawnshop and see if they will accept it."
"abirids","CEBWORD","abirids"
"abirids","WORDTYPE","n"
"abirids","NUMBER","1"
"abirids","TEXT","average, the usual size or quantity."
"abirids","NUMBER","2"
"abirids","TEXT","average rating in school."
"abirids","CEBPHRASE","Pasar ku kay utsinta ákung abirids,"
"abirids","TEXT","I passed because my average was eighty."
"abirids","WORDTYPE","v"
"abirids","CLASS","[A]"
"abirids","NUMBER","1"
"abirids","TEXT","average so and so much."
"abirids","CEBPHRASE","Makaabirids mig lima adlaw-adlaw,"
"abirids","TEXT","We can sell on the average five every day."
"abirids","NUMBER","2"
"abirids","TEXT","have an average grade of."
"abiríya","CEBWORD","abiríya"
"abiríya","WORDTYPE","a"
"abiríya","TEXT","be broken, inoperative."
"abiríya","WORDTYPE","v"
"abiríya","CLASS","[B]"
"abiríya","NUMBER","1"
"abiríya","TEXT","for an engine to break down."
"abiríya","CEBPHRASE","Kining trak dílì magámit. Nag-abiríya man,"
"abiríya","TEXT","This truck cannot be used. It is broken."
"abiríya","NUMBER","2"
"abiríya","TEXT","be under the weather."
"abiríya","CEBPHRASE","Naabiríya aku kay nagkalíbang aku gahápun,"
"abiríya","TEXT","I’m not feeling well because I had diarrhea yesterday."
"abirtu","CEBWORD","abirtu"
"abirtu","LINK","abyirtu"
"abis","CEBWORD","abis"
"abis","WORDTYPE","v"
"abis","CLASS","[A; ab7]"
"abis","TEXT","slice with a curved blade, cut a small or thin part from a bigger piece."
"abis","CEBPHRASE","Abisig diyútay nà,"
"abis","TEXT","Slice a piece off of it."
"abis","CEBWORD","paN-"
"abis","WORDTYPE","v"
"abis","CLASS","[A2]"
"abis","TEXT","slice the terminal portion of a coconut bud to induce sap flow."
"abis","CEBPHRASE","Kaduha sila mangabis káda adlaw,"
"abis","TEXT","They make an incision in the bud twice a day."
"abísu","CEBWORD","abísu"
"abísu","WORDTYPE","n"
"abísu","TEXT","announcement of s.t. to come."
"abísu","WORDTYPE","v"
"abísu","NUMBER","1"
"abísu","CLASS","[A; c]"
"abísu","TEXT","announce s.t. to come."
"abísu","CEBPHRASE","Nag-abísu ang radyu nga adúnay bagyung umaábut,"
"abísu","TEXT","The radio announced that there is a typhoon coming."
"abísu","NUMBER","2"
"abísu","CLASS","[A12]"
"abísu","TEXT","receive an announcement."
"abísu","CEBPHRASE","Nakaabísu ming way túbig ugmà,"
"abísu","TEXT","We received the announcement that there would be no water tomorrow."
"abitsuylas","CEBWORD","abitsuylas"
"abitsuylas","LINK","habitsuylas"
"abitu","CEBWORD","abitu"
"abitu","WORDTYPE","n"
"abitu","TEXT","habit, a distinctive apparel worn by devotees, priests, monks, and the like."
"abitu","WORDTYPE","v"
"abitu","CLASS","[A]"
"abitu","TEXT","wear a habit."
"abíyu","CEBWORD","abíyu"
"abíyu","WORDTYPE","n"
"abíyu","TEXT","food, provisions, money, supplies for daily consumption."
"abíyu","WORDTYPE","v"
"abíyu","CLASS","[A; c]"
"abíyu","TEXT","provide food, etc."
"abíyu","CEBPHRASE","Báhin sa mga kinahanglanun matag adlaw akuy muabíyu,"
"abíyu","TEXT","As far as your daily needs go, I will provide."
"abíyu","CEBPHRASE","Abyúhan ta lang mug usa ka sákung humay matag búlan,"
"abíyu","TEXT","We’ll supply you with one sack of rice a month."
"abiyun","CEBWORD","abiyun"
"abiyun","WORDTYPE","n"
"abiyun","TEXT","airplane."
"abiyun","CEBWORD","ka-an(←)"
"abiyun","WORDTYPE","n"
"abiyun","TEXT","group of airplanes."
"abkay","CEBWORD","abkay"
"abkay","WORDTYPE","v"
"abkay","CLASS","[A; a]"
"abkay","TEXT","dig up, out."
"abkay","CEBPHRASE","Abkáyun ku ang kwarta nga ákung gilubung dinhi,"
"abkay","TEXT","I will dig up the money that I buried here."
"abla","CEBWORD","abla"
"abla","WORDTYPE","v"
"abla","CLASS","[A; c]"
"abla","TEXT","speak to s.o. with some purpose in mind."
"abla","CEBPHRASE","Abláhi kunu si Máma, básin pag musugut,"
"abla","TEXT","Try to talk mother into it. She might let us."
"abla","WORDTYPE","n"
"abla","NUMBER","1"
"abla","TEXT","persuasive talk."
"abla","CEBPHRASE","Dílì ka sugtun niánang bayhána kun walà kay abla,"
"abla","TEXT","That woman will not accept you if you don’t sweet-talk her."
"abla","NUMBER","2"
"abla","TEXT","big talk."
"abla","CEBPHRASE","Abla lay nagdaghan. Walay líhuk,"
"abla","TEXT","It was all just big talk. No action."
"abla","CEBWORD","paN-"
"abla","WORDTYPE","n"
"abla","TEXT","art or technique of expressing one’s viewpoint."
"abla","CEBPHRASE","Malampúsun siyang abugádu kay maáyu siya sa pangabla,"
"abla","TEXT","He is a successful lawyer because he has a good technique in talking."
"abládu","CEBWORD","abládu"
"abládu","WORDTYPE","n"
"abládu","NUMBER","1"
"abládu","TEXT","delivered in spoken fashion."
"abládu","CEBPHRASE","Ang kúru abládu, dílì kantáhun,"
"abládu","TEXT","The chorus is spoken, not sung."
"abládu","NUMBER","2"
"abládu","TEXT","lines of a play."
"abládu","WORDTYPE","v"
"abládu","CLASS","[A]"
"abládu","TEXT","speak lines."
"ablása","CEBWORD","ablása"
"ablása","LINK","abrása"
"abli","CEBWORD","abli"
"abli","WORDTYPE","v"
"abli","CLASS","[AB; b5]"
"abli","NUMBER","1"
"abli","TEXT","open s.t., be open."
"abli","CEBPHRASE","Ikaw bay nag-abli sa pultahan?"
"abli","TEXT","Were you the one who opened the door?"
"abli","CEBPHRASE","Sulud lang kay nag-abli ang pultahan,"
"abli","TEXT","Just come right in. The door is open."
"abli","NUMBER","2"
"abli","TEXT","begin, start a class, business, etc."
"abli","CEBPHRASE","Muabli ang klási sa Hunyu,"
"abli","TEXT","Classes begin in June."
"abli","CEBPHRASE","Ablíhag (ablíhug) sayu ang klási sunud túig,"
"abli","TEXT","Classes will open early next year."
"abli","NUMBER","3"
"abli","TEXT","found, establish an enterprise."
"abli","CEBPHRASE","Anus-a man ablíhi (ablíha) ang inyung iskuylahan sa panahì?"
"abli","TEXT","When will you open your sewing school?"
"abli","WORDTYPE","n"
"abli","NUMBER","1"
"abli","TEXT","opening."
"abli","CEBPHRASE","Dakug abli nang tarúha,"
"abli","TEXT","That can has a big opening."
"abli","NUMBER","2"
"abli","TEXT","opening of classes."
"abli","WORDTYPE","a"
"abli","NUMBER","1"
"abli","TEXT","open."
"abli","CEBPHRASE","Abli ang bintánà. Sirhi ra gud,"
"abli","TEXT","The window is open. Please close it."
"abli","NUMBER","2"
"abli","TEXT","be started."
"abli","CEBPHRASE","Abli na ang tindáhan. Palit ngadtug kapi,"
"abli","TEXT","The store is open now. Go buy some coffee."
"Abr.","CEBWORD","Abr."
"Abr.","TEXT","abbreviation for <i lang=""cebword"">Abril,</i> ‘April’."
"abrap","CEBWORD","abrap"
"abrap","WORDTYPE","a"
"abrap","NUMBER","1"
"abrap","TEXT","sudden."
"abrap","CEBPHRASE","Abrap ra kaáyu nang ímung pag-anhi,"
"abrap","TEXT","Your coming is very sudden."
"abrap","NUMBER","2"
"abrap","TEXT","brusque."
"abrap","WORDTYPE","v"
"abrap","CLASS","[B12; c1]"
"abrap","NUMBER","1"
"abrap","TEXT","be sudden, do s.t. by plunging right into it."
"abrap","NUMBER","2"
"abrap","TEXT","be brusque."
"abrap","CEBPHRASE","Naabrap ra tu nímu pagkatubag,"
"abrap","TEXT","You answered in a brusque way."
"abrása","CEBWORD","abrása"
"abrása","WORDTYPE","v"
"abrása","CLASS","[AC; bc3]"
"abrása","TEXT","walk side by side with."
"abrása","CEBPHRASE","Hulat kay muabrása kug lakaw ninyu,"
"abrása","TEXT","Wait for me. I’m going to walk next to you."
"abrása","CEBPHRASE","Dílì ta mag-abrásag lakaw sa karsádang hagip-ut,"
"abrása","TEXT","We shouldn’t walk side by side on a narrow street."
"abrasadur","CEBWORD","abrasadur"
"abrasadur","WORDTYPE","n"
"abrasadur","LINK","tangdayan"
"abrasadur","WORDTYPE","v"
"abrasadur","LINK","tangday: 2"
"abrasíti","CEBWORD","abrasíti"
"abrasíti","WORDTYPE","v"
"abrasíti","CLASS","[C2; c2]"
"abrasíti","TEXT","promenade arm in arm or side by side."
"abrasíti","CEBPHRASE","Nakit-an kung ímung bánang may giabrasíting (giabrasitíhang) babáyi,"
"abrasíti","TEXT","I saw your husband walking arm in arm with a woman (with a woman holding on to his arms)."
"abrasyíti","CEBWORD","abrasyíti"
"abrasyíti","LINK","abrasíti"
"abri<sub>1</sub>","CEBWORD","abri<sub>1</sub>"
"abri<sub>1</sub>","LINK","abli"
"abri<sub>1</sub>","CEBWORD","-dur"
"abri<sub>1</sub>","WORDTYPE","n"
"abri<sub>1</sub>","TEXT","opener.†"
"abri<sub>2</sub>","CEBWORD","abri<sub>2</sub>"
"abri<sub>2</sub>","LINK","abyirtu<sub>2</sub>"
"abrigána","CEBWORD","abrigána"
"abrigána","WORDTYPE","n"
"abrigána","TEXT","s.t. that stimulates the appetite."
"abrigána","CEBPHRASE","Maáyung abrigána ang bír,"
"abrigána","TEXT","Beer is good to stimulate the appetite."
"abrigáwu","CEBWORD","abrigáwu"
"abrigáwu","WORDTYPE","n"
"abrigáwu","NUMBER","1"
"abrigáwu","TEXT","apprentice on a ship."
"abrigáwu","NUMBER","2"
"abrigáwu","TEXT","one who works on a boat for his passage."
"abrigáwu","WORDTYPE","v"
"abrigáwu","CLASS","[A1; a12]"
"abrigáwu","NUMBER","1"
"abrigáwu","TEXT","be an apprentice, apprentice s.o. to."
"abrigáwu","NUMBER","2"
"abrigáwu","TEXT","work in lieu of paying passage."
"abrígu","CEBWORD","abrígu"
"abrígu","WORDTYPE","n"
"abrígu","TEXT","shawl."
"abrígu","WORDTYPE","v"
"abrígu","CLASS","[A1; a]"
"abrígu","TEXT","wear, make, receive a shawl."
"Abril","CEBWORD","Abril"
"Abril","WORDTYPE","n"
"Abril","TEXT","April."
"Abril","WORDTYPE","v"
"Abril","CLASS","[a]"
"Abril","NUMBER","1"
"Abril","TEXT","do s.t. in April."
"Abril","CEBPHRASE","Magbakasyun mu sa Hunyu? Ah, Abrila lang,"
"Abril","TEXT","Will you take your vacation in June? Oh, just make it in April."
"Abril","NUMBER","2"
"Abril","TEXT","write down April in a document."
"Abril","CEBPHRASE","Máyu ímung nabutang? Abrila lang hinúun,"
"Abril","TEXT","Did you write May? It should be April."
"abriláta","CEBWORD","abriláta"
"abriláta","WORDTYPE","n"
"abriláta","TEXT","can opener."
"absin","CEBWORD","absin"
"absin","WORDTYPE","v"
"absin","CLASS","[A2; b6]"
"absin","NUMBER","1"
"absin","TEXT","absent, fail to attend work or class."
"absin","CEBPHRASE","Absínig kas-a nang klasíha nímu,"
"absin","TEXT","Just miss your class this one time."
"absin","NUMBER","2"
"absin","TEXT","mark one absent."
"absin","CEBPHRASE","Absínan tikaw,"
"absin","TEXT","I’ll mark you absent."
"absin","WORDTYPE","n"
"absin","TEXT","absence, time away from class."
"absin","CEBPHRASE","Daghag absin nímu Dyú, lagmit ka mahagbung,"
"absin","TEXT","How many absences you have, Joe! You’re likely to flunk."
"absin","CEBWORD","hiN-, pala-, absiníru, absinus"
"absin","WORDTYPE","a"
"absin","TEXT","given to missing classes."
"absin","CEBPHRASE","Anus-a gud nà siya makapasar nga absinus man nà sa klási,"
"absin","TEXT","How can he pass if he always misses classes?"
"absin","CEBWORD","— mayindid"
"absin","WORDTYPE","a"
"absin","TEXT","absent-minded."
"absinus","CEBWORD","absinus"
"absinus","LINK","absin"
"absulusiyun","CEBWORD","absulusiyun"
"absulusiyun","WORDTYPE","n"
"absulusiyun","TEXT","absolution."
"absulusiyun","WORDTYPE","v"
"absulusiyun","CLASS","[b6]"
"absulusiyun","TEXT","give absolution."
"absulusiyun","CEBPHRASE","Gilubung siya nga walà gánì kaabsulusyuni,"
"absulusiyun","TEXT","He was buried without having received absolution."
"absuwiltu","CEBWORD","absuwiltu"
"absuwiltu","WORDTYPE","n"
"absuwiltu","TEXT","acquitted in court."
"absuwiltu","WORDTYPE","v"
"absuwiltu","CLASS","[A3P; a12]"
"absuwiltu","TEXT","acquit."
"abtik","CEBWORD","abtik"
"abtik","WORDTYPE","a"
"abtik","NUMBER","1"
"abtik","TEXT","nimble, quick in reaction."
"abtik","CEBPHRASE","Ang musáyaw sa tinikling kinahanglang abtik ug tiil,"
"abtik","TEXT","Whoever dances the <i lang=""cebword"">tinikling</i> has to have nimble feet."
"abtik","NUMBER","2"
"abtik","TEXT","fast, live in action."
"abtik","CEBPHRASE","Mahuman ni dáyug abtik lang mutrabáhu,"
"abtik","TEXT","It will get done right away if you work rapidly."
"abtik","NUMBER","3"
"abtik","TEXT","cunning, sly."
"abtik","CEBPHRASE","Abtik giyud siya kay midáwat imbis mubáyad,"
"abtik","TEXT","He sure is sharp. Instead of paying as he should have, he got paid."
"abtik","WORDTYPE","v"
"abtik","CLASS","[B]"
"abtik","NUMBER","1"
"abtik","TEXT","get to be nimble."
"abtik","NUMBER","2"
"abtik","TEXT","get to be fast in action."
"abtik","CEBPHRASE","Muabtik (maabtik) lagi ang íyang panglíhuk basta pakit-ug sápì,"
"abtik","TEXT","He’ll get moving fast as long as you show him money."
"abtik","NUMBER","3"
"abtik","CLASS","[B12]"
"abtik","TEXT","get to be cunning, sly."
"abtik","NUMBER","4"
"abtik","CLASS","[b4(1)]"
"abtik","TEXT","outsmart."
"abtik","CEBPHRASE","Naabtikan sad ku sa bátà,"
"abtik","TEXT","The child put one over on me."
"abtik","CEBWORD","paN-"
"abtik","WORDTYPE","v"
"abtik","CLASS","[A2; b6]"
"abtik","TEXT","engage in chicanery."
"abtik","CEBPHRASE","Ayaw kug pangabtíki kay suhítu ku,"
"abtik","TEXT","Don’t try to put a fast one over on me, because I know my way around."
"abtung","CEBWORD","abtung"
"abtung","WORDTYPE","n"
"abtung","TEXT","rope used for tying the plow to the crosstree."
"abu","CEBWORD","abu"
"abu","WORDTYPE","n"
"abu","NUMBER","1"
"abu","TEXT","ashes."
"abu","NUMBER","2"
"abu","LINK","alabúhan"
"abu","WORDTYPE","v"
"abu","NUMBER","1"
"abu","CLASS","[A; a12]"
"abu","TEXT","make ashes."
"abu","CEBPHRASE","Abuha nang mga palwa ug gam-ang sabun,"
"abu","TEXT","Make the palm stems into ashes to make soap out of."
"abu","NUMBER","2"
"abu","CLASS","[B1256]"
"abu","TEXT","be razed or burned to the ground."
"abu","CEBPHRASE","Pag-abut nákù naabu na ang balay,"
"abu","TEXT","When I arrived, the house was already burned to the ground."
"abu","CEBWORD","ka-(←)"
"abu","WORDTYPE","v"
"abu","CLASS","[A13]"
"abu","TEXT","get ashes all over one."
"abu","CEBPHRASE","Nagkaábu ku kay misum-uk ku sa nasunúgan,"
"abu","TEXT","I got ashes all over me because I went into the burned-out area."
"abu","CEBWORD","alabúhan"
"abu","WORDTYPE","n"
"abu","TEXT","stove or any place a fire for cooking is built."
"abu","CEBWORD","abuhun"
"abu","WORDTYPE","n"
"abu","TEXT","ash-colored."
"abu","CEBPHRASE","Manuk nga abuhun,"
"abu","TEXT","Gray-colored cock."
"abuábu","CEBWORD","abuábu"
"abuábu","WORDTYPE","n"
"abuábu","TEXT","k.o. fish."
"*abubhu","CEBWORD","*abubhu"
"*abubhu","CEBWORD","paN-"
"*abubhu","WORDTYPE","v"
"*abubhu","CLASS","[A2; b6]"
"*abubhu","TEXT","be jealous of a loved one."
"*abubhu","WORDTYPE","n"
"*abubhu","TEXT","jealousy."
"*abubhu","CEBWORD","abubhuan"
"*abubhu","WORDTYPE","a"
"*abubhu","TEXT","jealous."
"*abubhu","CEBPHRASE","Abubhuang bána,"
"*abubhu","TEXT","A jealous husband."
"*abubhu","CEBWORD","mapangabubhúun"
"*abubhu","WORDTYPE","a"
"*abubhu","TEXT","of a jealous type."
"*abubhu","CEBPHRASE","Mapangabubhúun nga pasiklap,"
"*abubhu","TEXT","A jealous glance."
"abud, ábud<sub>1</sub>","CEBWORD","abud, ábud<sub>1</sub>"
"abud, ábud<sub>1</sub>","WORDTYPE","v"
"abud, ábud<sub>1</sub>","CLASS","[A; c]"
"abud, ábud<sub>1</sub>","NUMBER","1"
"abud, ábud<sub>1</sub>","TEXT","throw grains, throw grains to."
"abud, ábud<sub>1</sub>","CEBPHRASE","Ang bukbukung mais mauy iábud sa manuk,"
"abud, ábud<sub>1</sub>","TEXT","Throw the beetle-infested corn to the chickens."
"abud, ábud<sub>1</sub>","NUMBER","2"
"abud, ábud<sub>1</sub>","TEXT","drop grains into a hole in planting."
"abud, ábud<sub>1</sub>","CEBPHRASE","Mag-abud sila sa ílang baul,"
"abud, ábud<sub>1</sub>","TEXT","They will plant their field."
"abud, ábud<sub>1</sub>","NUMBER","3"
"abud, ábud<sub>1</sub>","TEXT","feed grain into a mill."
"abud, ábud<sub>1</sub>","CEBPHRASE","ímu síging abdan (abúran) ang galingan,"
"abud, ábud<sub>1</sub>","TEXT","Keep feeding grains into the mill."
"abud, ábud<sub>1</sub>","NUMBER","4"
"abud, ábud<sub>1</sub>","TEXT","supply a factory with raw materials."
"abud, ábud<sub>1</sub>","CEBPHRASE","Kanang kumpaniyáha mauy tig-abud sa mga papil sa imprinta,"
"abud, ábud<sub>1</sub>","TEXT","That company supplies paper to the printing press."
"abud, ábud<sub>1</sub>","NUMBER","5"
"abud, ábud<sub>1</sub>","TEXT","feed news, gossip. Aha!"
"abud, ábud<sub>1</sub>","CEBPHRASE","Ikaw diay nag-abud sa mga nutisya,"
"abud, ábud<sub>1</sub>","TEXT","So you were the one who spread the news!"
"abud, ábud<sub>1</sub>","WORDTYPE","n"
"abud, ábud<sub>1</sub>","NUMBER","1"
"abud, ábud<sub>1</sub>","TEXT","feed for fowls."
"abud, ábud<sub>1</sub>","NUMBER","2"
"abud, ábud<sub>1</sub>","TEXT","one’s turn to throw grains."
"abud, ábud<sub>1</sub>","CEBPHRASE","ákù na rung abud,"
"abud, ábud<sub>1</sub>","TEXT","It’s my turn to feed (the chickens)."
"abud, ábud<sub>1</sub>","CEBWORD","alabdan"
"abud, ábud<sub>1</sub>","LINK","abud: n 2"
"ábud<sub>2</sub>","CEBWORD","ábud<sub>2</sub>"
"ábud<sub>2</sub>","WORDTYPE","n"
"ábud<sub>2</sub>","TEXT","ornamental bulbous plant: <b lang=""la""><i>Eurycles amboinensis</i></b>. The leaves are applied over the bladder to facilitate urination."
"ábud<sub>3</sub>","CEBWORD","ábud<sub>3</sub>"
"ábud<sub>3</sub>","WORDTYPE","n"
"ábud<sub>3</sub>","TEXT","k.o. head louse lighter in color and with a longer and more slender body than the ordinary head louse (<i lang=""cebword"">kútu</i>)."
"abug<sub>1</sub>","CEBWORD","abug<sub>1</sub>"
"abug<sub>1</sub>","WORDTYPE","n"
"abug<sub>1</sub>","TEXT","dust."
"abug<sub>1</sub>","WORDTYPE","v"
"abug<sub>1</sub>","NUMBER","1"
"abug<sub>1</sub>","CLASS","[B46; a4b4(1)]"
"abug<sub>1</sub>","TEXT","become dusty."
"abug<sub>1</sub>","CEBPHRASE","Muabug ang karsáda ug dúgayng uwanun,"
"abug<sub>1</sub>","TEXT","The road gets dusty if the rains come late."
"abug<sub>1</sub>","CEBPHRASE","Giabug ang ámung balay kay dúgay na nga wà puy-i,"
"abug<sub>1</sub>","TEXT","Our house became all dusty because it hadn’t been lived in for a long time."
"abug<sub>1</sub>","CEBPHRASE","Tabúni ang libru arun dílì maabugan,"
"abug<sub>1</sub>","TEXT","Cover the books so they won’t get dusty."
"abug<sub>1</sub>","NUMBER","2"
"abug<sub>1</sub>","CLASS","[B1256]"
"abug<sub>1</sub>","TEXT","turn into dust."
"abug<sub>1</sub>","CEBPHRASE","Sa kadugáyan kitang tanan maabug,"
"abug<sub>1</sub>","TEXT","In the end we will all turn to dust."
"abug<sub>1</sub>","CEBWORD","ka-(←)"
"abug<sub>1</sub>","WORDTYPE","v"
"abug<sub>1</sub>","CLASS","[A13]"
"abug<sub>1</sub>","TEXT","get dust all over it."
"abug<sub>1</sub>","CEBPHRASE","Nagkaábug ang ákung buhuk tungud sa byáhi,"
"abug<sub>1</sub>","TEXT","My hair is all covered with dust because I’ve just gotten off the bus."
"abug<sub>1</sub>","CEBWORD","-un"
"abug<sub>1</sub>","WORDTYPE","a"
"abug<sub>1</sub>","TEXT","dusty."
"abug<sub>1</sub>","CEBWORD","-l-an(←)"
"abug<sub>1</sub>","TEXT","exposed to dust."
"abug<sub>1</sub>","CEBPHRASE","Kining kwartúha alabúgan. Duul man gud sa karsáda,"
"abug<sub>1</sub>","TEXT","This room is exposed to dust. It’s close to the street."
"*abug<sub>2</sub>","CEBWORD","*abug<sub>2</sub>"
"*abug<sub>2</sub>","CEBWORD","paN-"
"*abug<sub>2</sub>","TEXT","euphemism for"
"*abug<sub>2</sub>","LINK","pangabughu"
"*abug<sub>2</sub>","LINK","<span class=""corr"" id=""xd20e7109"" title=""Not in source"">*"
"*abug<sub>2</sub>","TEXT","abubhu</a></span>."
"ábug<sub>1</sub>","CEBWORD","ábug<sub>1</sub>"
"ábug<sub>1</sub>","WORDTYPE","v"
"ábug<sub>1</sub>","CLASS","[A; a]"
"ábug<sub>1</sub>","NUMBER","1"
"ábug<sub>1</sub>","TEXT","chase, drive, drive away."
"ábug<sub>1</sub>","CEBPHRASE","Abúga ang bábuy ngadtu sa tangkal,"
"ábug<sub>1</sub>","TEXT","Drive the pig into the pen."
"ábug<sub>1</sub>","CEBPHRASE","Abúgi sa lángaw ang lamísa,"
"ábug<sub>1</sub>","TEXT","Drive the flies away from the table."
"ábug<sub>1</sub>","NUMBER","2"
"ábug<sub>1</sub>","TEXT","drive s.o. to do s.t."
"ábug<sub>1</sub>","CEBPHRASE","Ang kaúlaw mauy nag-ábug kanákù pagpaháwà sa ámung lungsud,"
"ábug<sub>1</sub>","TEXT","Shame drove me to move out of town."
"ábug<sub>1</sub>","CEBWORD","(→)"
"ábug<sub>1</sub>","WORDTYPE","n"
"ábug<sub>1</sub>","TEXT","stick with strips of paper, plastic, etc., attached on one end, used to chase flies away."
"ábug<sub>1</sub>","CEBWORD","-an(→)"
"ábug<sub>1</sub>","WORDTYPE","n"
"ábug<sub>1</sub>","TEXT","an enclosure of the fish corral into which the fish are driven before being caught."
"ábug<sub>2</sub>","CEBWORD","ábug<sub>2</sub>"
"ábug<sub>2</sub>","LINK","abyug"
"abugáda","CEBWORD","abugáda"
"abugáda","WORDTYPE","n"
"abugáda","TEXT","female lawyer."
"abugádu","CEBWORD","abugádu"
"abugádu","WORDTYPE","n"
"abugádu","TEXT","lawyer."
"abugádu","WORDTYPE","v"
"abugádu","NUMBER","1"
"abugádu","CLASS","[B16; a2]"
"abugádu","TEXT","be, become a lawyer."
"abugádu","NUMBER","2"
"abugádu","CLASS","[A; b]"
"abugádu","TEXT","speak for s.o."
"abugádu","CEBPHRASE","Abugadúhan ta lang ka kay wà kay pangabla,"
"abugádu","TEXT","I’ll speak for you because you don’t have the knack of saying what you want."
"abugádu","CEBWORD","abugaduhun"
"abugádu","WORDTYPE","a"
"abugádu","TEXT","lawyer-like."
"abugádu","CEBPHRASE","Abugaduhung pangatarúngan,"
"abugádu","TEXT","Lawyer-like reasoning."
"abugágu","CEBWORD","abugágu"
"abugágu","WORDTYPE","n"
"abugágu","TEXT","dumb lawyer (play on the words <i lang=""cebword"">abugádu</i> ‘lawyer’ and <i lang=""cebword"">gágu</i> ‘stupid’)."
"abugar","CEBWORD","abugar"
"abugar","LINK","abugádu: v 2"
"abugasíya","CEBWORD","abugasíya"
"abugasíya","WORDTYPE","n"
"abugasíya","NUMBER","1"
"abugasíya","TEXT","law course."
"abugasíya","NUMBER","2"
"abugasíya","TEXT","law profession."
"abugasíya","CEBPHRASE","Sa abugasíya kinahanglan mamakak ug panalagsa,"
"abugasíya","TEXT","In the law profession it is necessary to lie once in a while."
"abughu, abughù","CEBWORD","abughu, abughù"
"abughu, abughù","LINK","*abubhu"
"abukádu","CEBWORD","abukádu"
"abukádu","WORDTYPE","n"
"abukádu","TEXT","avocado or alligator pear: <b lang=""la""><i>Persea sp</i></b>. It is usually eaten with sugar and milk."
"abúkay","CEBWORD","abúkay"
"abúkay","WORDTYPE","n"
"abúkay","TEXT","k.o. white cockatoo, often kept as pet: <b><i>Cacatua haematuropygia</i></b>."
"abúkay","CEBWORD","(→), abúkay"
"abúkay","WORDTYPE","v"
"abúkay","CLASS","[A]"
"abúkay","TEXT","for babies to make noises like a cockatoo."
"abunansiya","CEBWORD","abunansiya"
"abunansiya","LINK","abunda"
"abunda","CEBWORD","abunda"
"abunda","WORDTYPE","a"
"abunda","NUMBER","1"
"abunda","TEXT","abundant."
"abunda","CEBPHRASE","Abunda ang bugas karun,"
"abunda","TEXT","There’s plenty of rice now."
"abunda","NUMBER","2"
"abunda","TEXT","have plenty."
"abunda","CEBPHRASE","Ug abunda ka sa sápì, mamalit kag yútà,"
"abunda","TEXT","If you have lots of money, you should buy land."
"abunda","WORDTYPE","v"
"abunda","CLASS","[B]"
"abunda","TEXT","be, become abundant."
"abunda","CEBPHRASE","Unyà ra ta mamalit ug mangga ug muabunda (maabunda) na,"
"abunda","TEXT","We will buy mangoes later when they become abundant."
"abunda","WORDTYPE","n"
"abunda","TEXT","abundance."
"abundansiya","CEBWORD","abundansiya"
"abundansiya","LINK","abunda"
"ábung<sub>1</sub>","CEBWORD","ábung<sub>1</sub>"
"ábung<sub>1</sub>","WORDTYPE","v"
"ábung<sub>1</sub>","CLASS","[A; c]"
"ábung<sub>1</sub>","TEXT","bar, block the way."
"ábung<sub>1</sub>","CEBPHRASE","Abúngan ta ning karsádag dakung batu,"
"ábung<sub>1</sub>","TEXT","Let’s block the road with a big stone."
"ábung<sub>1</sub>","WORDTYPE","n"
"ábung<sub>1</sub>","TEXT","k.o. fishing equipment consisting of dried coconut leaves tied to a raft."
"ábung<sub>1</sub>","CEBWORD","(→)"
"ábung<sub>1</sub>","WORDTYPE","n"
"ábung<sub>1</sub>","TEXT","s.t. which blocks the way."
"ábung<sub>1</sub>","CEBPHRASE","Ang káhuy nga abung sa pultahan,"
"ábung<sub>1</sub>","TEXT","The wood that was blocking the door."
"ábung<sub>1</sub>","WORDTYPE","a"
"ábung<sub>1</sub>","TEXT","in the path of the wind, smoke, smells, and the like."
"ábung<sub>1</sub>","CEBPHRASE","Abung sa hángin,"
"ábung<sub>1</sub>","TEXT","Exposed to the wind."
"ábung<sub>1</sub>","CEBPHRASE","Abung ka kaáyu sa íyang dautang tingúhà,"
"ábung<sub>1</sub>","TEXT","You are very much exposed to his evil powers."
"ábung<sub>1</sub>","CEBWORD","pa-(→), pa-"
"ábung<sub>1</sub>","WORDTYPE","v"
"ábung<sub>1</sub>","NUMBER","1"
"ábung<sub>1</sub>","CLASS","[A13; ac]"
"ábung<sub>1</sub>","TEXT","put in an exposed position."
"ábung<sub>1</sub>","CEBPHRASE","Ug magpaabung ka sa sílit sa túbig, mahumud ka,"
"ábung<sub>1</sub>","TEXT","If you put yourself in the path of a jet of water, you’ll get wet."
"ábung<sub>1</sub>","CEBPHRASE","Paabungig asu ang mangga,"
"ábung<sub>1</sub>","TEXT","(Make the fire so that) the mango tree will be in the path of the smoke."
"ábung<sub>1</sub>","WORDTYPE","n"
"ábung<sub>1</sub>","TEXT","k.o. fishing whereby a net is set across the path of a fish."
"ábung<sub>1</sub>","NUMBER","2"
"ábung<sub>1</sub>","CLASS","[a]"
"ábung<sub>1</sub>","TEXT","give allowance in measuring s.t."
"ábung<sub>1</sub>","CEBPHRASE","Paabungan ug diyútay ang sukud ígù pagsipilya,"
"ábung<sub>1</sub>","TEXT","Measure it with a little allowance for planing."
"ábung<sub>1</sub>","CEBPHRASE","Mutíru gánì kag langgam nga naglupad paabungig diyútay,"
"ábung<sub>1</sub>","TEXT","If you shoot at a flying bird, aim a little ahead."
"ábung<sub>1</sub>","CEBWORD","paN-"
"ábung<sub>1</sub>","WORDTYPE","v"
"ábung<sub>1</sub>","CLASS","[A2]"
"ábung<sub>1</sub>","TEXT","do s.t. in anticipation of a favor or reward."
"ábung<sub>1</sub>","CEBPHRASE","Buútan nà siya run kay nangábung man nga hitagaan ug diyis,"
"ábung<sub>1</sub>","TEXT","He’s obedient this time because he’s anticipating getting a dime."
"ábung<sub>1</sub>","WORDTYPE","n"
"ábung<sub>1</sub>","TEXT","preparation of oil and plants medicinal roots and herbs used as a protection against some evil.†"
"abungaw<sub>1</sub>","CEBWORD","abungaw<sub>1</sub>"
"abungaw<sub>1</sub>","WORDTYPE","n"
"abungaw<sub>1</sub>","TEXT","k.o. tiny, light brown insect which swarms over food and the like, similar in appearance to a fly."
"abungaw<sub>1</sub>","WORDTYPE","v"
"abungaw<sub>1</sub>","CLASS","[a4]"
"abungaw<sub>1</sub>","TEXT","be infested with <i lang=""cebword"">abungaw.</i>"
"abungaw<sub>2</sub>","CEBWORD","abungaw<sub>2</sub>"
"abungaw<sub>2</sub>","LINK","bungaw"
"abúnu","CEBWORD","abúnu"
"abúnu","WORDTYPE","n"
"abúnu","NUMBER","1"
"abúnu","TEXT","fertilizer."
"abúnu","NUMBER","2"
"abúnu","TEXT","transfusion or infusion."
"abúnu","CEBPHRASE","Nagkinahanglan siyag abúnu kay gisulgan sa dugù,"
"abúnu","TEXT","He needs a transfusion because he lost a lot of blood."
"abúnu","WORDTYPE","v"
"abúnu","CLASS","[A; c]"
"abúnu","NUMBER","1"
"abúnu","TEXT","put fertilizer on."
"abúnu","CEBPHRASE","Abunúhi ang rúsas,"
"abúnu","TEXT","Put fertilizer on the roses."
"abúnu","NUMBER","2"
"abúnu","TEXT","give a transfusion or infusion."
"abúnu","NUMBER","3"
"abúnu","TEXT","supplement, fill in."
"abúnu","CEBPHRASE","Ikaw bay mag-abúnu sa kúlang?"
"abúnu","TEXT","Will you make up the lack?"
"abúnu","CEBPHRASE","Ang gísu mauy iabúnu sa batsi,"
"abúnu","TEXT","They use limestone to fill the rough spots in the road."
"aburídu","CEBWORD","aburídu"
"aburídu","WORDTYPE","a"
"aburídu","CEBWORD","— ang úlu, pangísip"
"aburídu","TEXT",", etc. be upset, irritable."
"aburídu","WORDTYPE","v"
"aburídu","CLASS","[B]"
"aburídu","TEXT","be upset."
"aburídu","CEBPHRASE","Kadtung ímung tahù nakaaburídu (nakapaaburídu) sa ákung úlu,"
"aburídu","TEXT","Your news got me all upset."
"abusáda","CEBWORD","abusáda"
"abusáda","LINK","abusádu"
"abusáda","TEXT","(female)."
"abusádu","CEBWORD","abusádu"
"abusádu","WORDTYPE","a"
"abusádu","TEXT","tending to take advantage, infringe on rights."
"abusádu","CEBPHRASE","Abusádu ang mga kutsíru dinhi. Basta muulan, pabayrun ta nílag dubli,"
"abusádu","TEXT","The rig drivers are abusive. If it rains, they double the fare."
"abusádu","CEBPHRASE","Nagníwang lang nà siya kay abusádu man gud sa íyang láwas,"
"abusádu","TEXT","He is thin because he neglects his body."
"abusádu","WORDTYPE","v"
"abusádu","CLASS","[B126]"
"abusádu","TEXT","become abusive."
"abusar","CEBWORD","abusar"
"abusar","WORDTYPE","v"
"abusar","NUMBER","1"
"abusar","CLASS","[A3; b(1)]"
"abusar","TEXT","a do s.t. one is not entitled to, take advantage of s.o. by infringing on his rights."
"abusar","CEBPHRASE","Nag-abusar siya paggáwì sa makinilya nga way pananghid,"
"abusar","TEXT","He took the liberty of using the typewriter without permission."
"abusar","CEBPHRASE","Giabusahan sila sa magbabaligyà kay way kumpitinsiya,"
"abusar","TEXT","The storekeeper took advantage of them because there was no competition. <b>b</b> mistreat one’s health."
"abusar","CEBPHRASE","Nag-abusar ka lang sa ímung láwas sa ímung pag-inum,"
"abusar","TEXT","You’re abusing your health with all your drinking."
"abusar","NUMBER","2"
"abusar","CLASS","[A]"
"abusar","TEXT","do s.t. to a superfluous degree."
"abusar","CEBPHRASE","Wà na nà magkaun; nag-abusar na nà,"
"abusar","TEXT","That is not eating; that is excessive indulgence."
"abúsu","CEBWORD","abúsu"
"abúsu","WORDTYPE","n"
"abúsu","TEXT","taking advantage, acting beyond one’s rights."
"abúsu","CEBPHRASE","Ang pagdáwat sa suburnu usa sa mga abúsu,"
"abúsu","TEXT","Taking bribes is one of their abuses."
"abúsu","WORDTYPE","v"
"abúsu","LINK","abusar"
"abut","CEBWORD","abut"
"abut","WORDTYPE","v"
"abut","NUMBER","1"
"abut","CLASS","[A; a12]"
"abut","TEXT","arrive, reach a place."
"abut","CEBPHRASE","Dì pa makaabut (maabut) ang suwat,"
"abut","TEXT","The letter won’t have arrived yet."
"abut","CEBPHRASE","Duul ra. Maabut ug lud-an,"
"abut","TEXT","It’s close by, within spitting distance (can be reached by spitting)."
"abut","NUMBER","1a"
"abut","CLASS","[A; ac]"
"abut","TEXT","lead to and reach a place."
"abut","CEBPHRASE","Muabut ba ning karsadáha sa subà?"
"abut","TEXT","Does this road reach the river?"
"abut","CEBPHRASE","Kining lugára dílì abutun sa táub,"
"abut","TEXT","The tide doesn’t get as far as this place."
"abut","NUMBER","1b"
"abut","CLASS","[A; ac]"
"abut","TEXT","reach s.t. with the arms."
"abut","CEBPHRASE","Maabut ba nímu ang sanga?"
"abut","TEXT","Can you reach the branch?"
"abut","CEBPHRASE","Iabut kunu nang ímung kamut sa bungbung,"
"abut","TEXT","Reach your hands out to the wall."
"abut","NUMBER","1c"
"abut","CLASS","[B; b4]"
"abut","TEXT","reach an amount, last a certain length."
"abut","CEBPHRASE","Ang ákung swildu dílì muabut ug dus mil,"
"abut","TEXT","My salary doesn’t reach two thousand."
"abut","CEBPHRASE","Walà abtig duha ka adlaw ang bugas,"
"abut","TEXT","The rice did not last two days."
"abut","NUMBER","1d"
"abut","CEBWORD","— sa hunàhúnà"
"abut","TEXT","come to the mind."
"abut","NUMBER","1e"
"abut","CLASS","[b4]"
"abut","TEXT","receive money."
"abut","CEBPHRASE","Abtan (abutan) ku tingálig kwarta rung hápun,"
"abut","TEXT","I’ll probably get my money this afternoon."
"abut","NUMBER","2"
"abut","CLASS","[a4]"
"abut","TEXT","have a feeling come over one."
"abut","CEBPHRASE","Giabut siyag kakulbà,"
"abut","TEXT","A feeling of terror came over her."
"abut","NUMBER","3a"
"abut","CLASS","[A23; b4]"
"abut","TEXT","catch s.o. doing s.t."
"abut","CEBPHRASE","Si Turyuy nakaabut nílang nagháluk,"
"abut","TEXT","It was Torio who came upon them kissing."
"abut","NUMBER","3b"
"abut","CLASS","[b4]"
"abut","TEXT","be overtaken."
"abut","CEBPHRASE","Abtan kag gabíi sa dálan,"
"abut","TEXT","You will be overtaken by night on the road."
"abut","NUMBER","4"
"abut","CLASS","[A2; b4]"
"abut","TEXT","come to an orgasm."
"abut","CEBPHRASE","Dílì giyud muabut ang lamì,"
"abut","TEXT","She won’t have an orgasm. (The delicious feeling will not arrive.)"
"abut","CEBPHRASE","Abtan ra gihápun síya basta maningkámut ang duruha,"
"abut","TEXT","She will have an orgasm if both try their best."
"abut","NUMBER","5"
"abut","CLASS","[A23]"
"abut","TEXT","for an event or season of the year to come around."
"abut","CEBPHRASE","Dì na madúgay muabut na ang Pasku,"
"abut","TEXT","It won’t be long before Christmas comes."
"abut","NUMBER","6"
"abut","CLASS","[A12; b]"
"abut","TEXT","be on time for s.t."
"abut","CEBPHRASE","Nakaabut ka ba sa panahun sa Katsílà?"
"abut","TEXT","Do you go back as far as the Spanish times?"
"abut","CEBPHRASE","Maabtan pa nímu ang barku,"
"abut","TEXT","You can still catch the boat."
"abut","NUMBER","7a"
"abut","CLASS","[A12; a1]"
"abut","TEXT","afford to pay for s.t."
"abut","CEBPHRASE","Dì ku makaabut ug palit niánà,"
"abut","TEXT","I can’t afford to buy that."
"abut","CEBPHRASE","Wà siyay ikaabut sa báyad,"
"abut","TEXT","He has no funds to meet the payments with."
"abut","NUMBER","7b"
"abut","CLASS","[a3]"
"abut","TEXT","can be done, reached."
"abut","CEBPHRASE","Tabángan tikaw kútub sa ákung maabut,"
"abut","TEXT","I’ll help you as much as I can."
"abut","NUMBER","8"
"abut","CLASS","[A; b6]"
"abut","TEXT","stay temporarily some place."
"abut","CEBPHRASE","Háin man ka mag-abut run?"
"abut","TEXT","Where are you staying now?"
"abut","WORDTYPE","n"
"abut","NUMBER","1"
"abut","TEXT","s.t. or s.o. that has arrived s.w."
"abut","CEBPHRASE","Dílì ni karáan uy. Bag-u ning abut,"
"abut","TEXT","This is not old stock. It just arrived."
"abut","CEBPHRASE","Bag-u kung abut dinhi. Wà pa ku kadumdum,"
"abut","TEXT","I am a newcomer here. I don’t know how to get there."
"abut","NUMBER","2"
"abut","TEXT","yield, proceeds from an effort, income, harvest."
"abut","CEBPHRASE","Pilay abut sa yútà káda túig?"
"abut","TEXT","How much does the land yield each year?"
"abut","CEBPHRASE","Gamay rag abut ang munisipyu,"
"abut","TEXT","The town has a small income."
"abut","CEBWORD","(←)"
"abut","WORDTYPE","v"
"abut","CLASS","[C; ac]"
"abut","NUMBER","1"
"abut","TEXT","meet together."
"abut","CEBPHRASE","Abútun nákù ang duha ka tumuy,"
"abut","TEXT","I will make the two ends meet."
"abut","CEBPHRASE","Mau kadtung lugára ang ámung gikaabútan (gipanag-abútan),"
"abut","TEXT","That is the place where we met."
"abut","NUMBER","2"
"abut","TEXT","overlap in time."
"abut","CEBPHRASE","Nag-ábut na man gánì ang sinanggì karun ug sa miáging túig,"
"abut","TEXT","This year’s corn crop overlaps with last year’s. (I.e., this year’s crop was harvested before last year’s crop had been used up.)"
"abut","NUMBER","3"
"abut","CLASS","[A13]"
"abut","CEBWORD","— ang ginháwa"
"abut","TEXT","be panting for breath (gasps of breath overlap)."
"abut","CEBPHRASE","Giúyug siya sa ubu. Nag-ábut ang íyang pagginháwa,"
"abut","TEXT","He was shaken by his coughing fit. He was panting for breath."
"abut","CEBWORD","pa-(←)"
"abut","WORDTYPE","v"
"abut","CLASS","[A; a]"
"abut","TEXT","wait in expectation for."
"abut","CEBPHRASE","Dì na ku mupaábut sa kumbira,"
"abut","TEXT","I won’t wait for the party."
"abut","CEBPHRASE","Paabútun tikaw hangtud sa alas kwatru,"
"abut","TEXT","I’ll wait for you until four o’clock."
"abut","CEBWORD","abut-abut"
"abut","WORDTYPE","v"
"abut","CLASS","[A3; b6]"
"abut","TEXT","arrive in close succession."
"abut","CEBPHRASE","Nag-abut-abut ang mga bisíta,"
"abut","TEXT","Visitors came one after another."
"abut","CEBWORD","abut-ábut"
"abut","WORDTYPE","v"
"abut","CLASS","[A3; b6]"
"abut","TEXT","go every now and then."
"abut","CEBPHRASE","Nag-abut-ábut nà siya sa Hungkung,"
"abut","TEXT","She goes to Hong Kong often."
"abut","CEBWORD","siN-"
"abut","WORDTYPE","v"
"abut","CLASS","[A13]"
"abut","NUMBER","1"
"abut","TEXT","for a time, event to approach."
"abut","CEBPHRASE","Nagsingabut ang pista,"
"abut","TEXT","The fiesta is approaching."
"abut","NUMBER","1a"
"abut","TEXT","for one’s time of the month to approach."
"abut","CEBPHRASE","Nagsingabut na, maung saputun,"
"abut","TEXT","She’s in a bad mood because her time of the month is approaching."
"abut","NUMBER","2"
"abut","TEXT","be in expectations of, look forward to."
"abut","CEBPHRASE","Nagsingabut ku nga mahuman ang trabáhug sayu,"
"abut","TEXT","I’m expecting to finish the work early."
"abut","CEBWORD","-l-un(←)"
"abut","WORDTYPE","n"
"abut","NUMBER","1"
"abut","TEXT","subject to periodic attacks of an illness."
"abut","NUMBER","2"
"abut","TEXT","s.o. who has the fortune of getting a large yield from an effort."
"abut","CEBWORD","alabtan, abtanan"
"abut","WORDTYPE","n"
"abut","TEXT","place one usually stays temporarily."
"abut","CEBWORD","-l-an-(←)"
"abut","WORDTYPE","n"
"abut","NUMBER","1"
"abut","LINK","abtanan"
"abut","NUMBER","2"
"abut","TEXT","place one meets s.o. else."
"abut","CEBWORD","um-r-(←), um-l-(←), tali-, tali-(←), sali-, sali-(←)"
"abut","WORDTYPE","n"
"abut","TEXT","about to arrive."
"abut","CEBPHRASE","May umaábut (umalábut, taliabut, taliábut, saliabut, saliábut) nga mga bisíta,"
"abut","TEXT","There are some visitors about to arrive.†"
"abwag","CEBWORD","abwag"
"abwag","WORDTYPE","v"
"abwag","CLASS","[AP; c1]"
"abwag","TEXT","break up, scatter."
"abwag","CEBPHRASE","Miabwag ang mitambung sa ráli pag-ulan,"
"abwag","TEXT","The people at the rally scattered when it started to rain."
"abwag","CEBPHRASE","Abwagun (iabwag) nátù ang mga papil,"
"abwag","TEXT","Let us scatter the pieces of paper."
"abyadur","CEBWORD","abyadur"
"abyadur","WORDTYPE","n"
"abyadur","TEXT","aviator."
"abyadur","WORDTYPE","v"
"abyadur","CLASS","[B156; a12]"
"abyadur","TEXT","be, make into an aviator.†"
"abyan","CEBWORD","abyan"
"abyan","LINK","abay"
"abyasiyun, abyasyun","CEBWORD","abyasiyun, abyasyun"
"abyasiyun, abyasyun","WORDTYPE","n"
"abyasiyun, abyasyun","TEXT","aviation."
"abyirtu<sub>1</sub>","CEBWORD","abyirtu<sub>1</sub>"
"abyirtu<sub>1</sub>","WORDTYPE","a"
"abyirtu<sub>1</sub>","TEXT","open."
"abyirtu<sub>1</sub>","CEBPHRASE","Abyirtu ang ganghaan,"
"abyirtu<sub>1</sub>","TEXT","The door is open."
"abyirtu<sub>1</sub>","WORDTYPE","v"
"abyirtu<sub>1</sub>","CLASS","[A2PB; c1]"
"abyirtu<sub>1</sub>","TEXT","open s.t.; be opened."
"abyirtu<sub>2</sub>","CEBWORD","abyirtu<sub>2</sub>"
"abyirtu<sub>2</sub>","WORDTYPE","n"
"abyirtu<sub>2</sub>","TEXT","seventh chord."
"abyirtu<sub>2</sub>","WORDTYPE","v"
"abyirtu<sub>2</sub>","CLASS","[A2; c1]"
"abyirtu<sub>2</sub>","TEXT","play a seventh chord."
"abyirtu<sub>2</sub>","CEBPHRASE","Iabyirtu (abyirtúha) ang tapuy ig-abut sa dapit nga muingun ‘Matam-is uyámut’,"
"abyirtu<sub>2</sub>","TEXT","When you get to the part that goes ‘How very sweet ...’ play a seventh chord."
"abyug","CEBWORD","abyug"
"abyug","WORDTYPE","v"
"abyug","CLASS","[A; c1]"
"abyug","TEXT","rock s.t. hanging back and forth."
"abyug","CEBPHRASE","Abyúga (iabyug) lang ang bátà sa dúyan kun muhílak na,"
"abyug","TEXT","Just rock the baby in the hammock if he starts to cry."
"abyug","WORDTYPE","n"
"abyug","TEXT","action of rocking s.t."
"A.D.","CEBWORD","A.D."
"A.D.","TEXT","Anno Domini."
"ád<sub>1</sub>","CEBWORD","ád<sub>1</sub>"
"ád<sub>1</sub>","WORDTYPE","v"
"ád<sub>1</sub>","CLASS","[A; ac]"
"ád<sub>1</sub>","TEXT","add up."
"ád<sub>1</sub>","CEBPHRASE","ádun (adun) nátù ni,"
"ád<sub>1</sub>","TEXT","Let’s add this up."
"ád<sub>1</sub>","CEBPHRASE","Iád ang kwatru ári,"
"ád<sub>1</sub>","TEXT","Add the four to this column."
"ád<sub>2</sub>","CEBWORD","ád<sub>2</sub>"
"ád<sub>2</sub>","LINK","álad"
"ada","CEBWORD","ada"
"ada","NUMBER","1"
"ada","TEXT","particle showing that s.t. is not important."
"ada","CEBPHRASE","Ada, irù ra gud tu. Kahadluk na man nímu!"
"ada","TEXT","Heck, that was just a dog. What a scaredy cat you are!"
"ada","NUMBER","2"
"ada","TEXT","particle expressing annoyance."
"ada","CEBPHRASE","Ada! Sábà na,"
"ada","TEXT","Oh, be quiet!"
"ada","CEBWORD","— uruy"
"ada","LINK","ada: 1"
"ada","CEBWORD","— uy"
"ada","TEXT","particle expressing exasperation at being unable to cope with s.t. (used only by women)."
"ada","CEBPHRASE","Da uy, lisud kaáyu,"
"ada","TEXT","Oh dear! That is so hard!"
"áda","CEBWORD","áda"
"áda","WORDTYPE","n"
"áda","TEXT","mythological beings represented as beautiful maidens living in forests, streams, etc."
"áda","WORDTYPE","v"
"áda","CLASS","[B126]"
"áda","TEXT","become an <i lang=""cebword"">áda.</i>"
"adá","CEBWORD","adá"
"adá","LINK","ada"
"ad-ad","CEBWORD","ad-ad"
"ad-ad","WORDTYPE","v"
"ad-ad","CLASS","[A; a]"
"ad-ad","TEXT","slice into thin, but not long pieces."
"ad-ad","CEBPHRASE","Ang baláni ad-árun únà iláwug sa bábuy,"
"ad-ad","TEXT","The banana trunk is chopped up finely before it is fed to the pigs."
"ad-ad","CEBWORD","ad-aran"
"ad-ad","WORDTYPE","n"
"ad-ad","TEXT","slicing board."
"Adan","CEBWORD","Adan"
"Adan","TEXT","<i lang=""cebword"">name:</i> Adam."
"adbans","CEBWORD","adbans"
"adbans","WORDTYPE","n"
"adbans","TEXT","advance payment on a salary, debt, etc."
"adbans","WORDTYPE","v"
"adbans","NUMBER","1"
"adbans","CLASS","[AP; cP]"
"adbans","TEXT","give an advance."
"adbans","CEBPHRASE","Adbansan ka nákug singku,"
"adbans","TEXT","I’ll advance you five pesos."
"adbans","NUMBER","2"
"adbans","CLASS","[A; a]"
"adbans","TEXT","ask for an advance."
"adbans","CEBPHRASE","Muadbans akug singku pára sa kumpra,"
"adbans","TEXT","I would like to have five pesos in advance for shopping."
"adbans","NUMBER","3"
"adbans","CLASS","[A; c]"
"adbans","TEXT","for soldiers to advance."
"adbans","CEBPHRASE","Miadbans ang mga Hapun,"
"adbans","TEXT","The Japanese advanced."
"adbans","CEBPHRASE","ílang giadbans ang mga kanyun,"
"adbans","TEXT","They put the artillery on the front line."
"adbans","CEBWORD","— gard"
"adbans","WORDTYPE","n"
"adbans","NUMBER","1"
"adbans","TEXT","a contingent sent ahead to the front."
"adbans","NUMBER","2"
"adbans","TEXT","s.t. sent s.w. to prepare the way (humorous metaphor)."
"adbans","CEBPHRASE","Nag-una ang mga adbans gard kay silay magpriparar,"
"adbans","TEXT","The advance guard has gone ahead because they will get things ready."
"adbaysir","CEBWORD","adbaysir"
"adbaysir","WORDTYPE","n"
"adbaysir","TEXT","adviser."
"adbaysir","WORDTYPE","v"
"adbaysir","CLASS","[A13; b6]"
"adbaysir","TEXT","act as class adviser in school."
"adbaysir","CEBPHRASE","Giadbaysíran ku ang primíru anyu,"
"adbaysir","TEXT","I am adviser to the freshmen."
"adbaysir","CEBWORD","klas —"
"adbaysir","TEXT","class adviser in school."
"adbaysir","CEBWORD","idituryal —"
"adbaysir","TEXT","editorial advisor."
"adbintista","CEBWORD","adbintista"
"adbintista","WORDTYPE","n"
"adbintista","TEXT","a Seventh Day Adventist."
"adbintista","WORDTYPE","v"
"adbintista","CLASS","[B1256]"
"adbintista","TEXT","be, become a Seventh Day Adventist."
"adbirbiyu","CEBWORD","adbirbiyu"
"adbirbiyu","WORDTYPE","n"
"adbirbiyu","TEXT","adverb."
"Adbiyintu","CEBWORD","Adbiyintu"
"Adbiyintu","WORDTYPE","n"
"Adbiyintu","TEXT","Advent."
"adgaw","CEBWORD","adgaw"
"adgaw","WORDTYPE","n"
"adgaw","TEXT","k.o. small tree: <b><i>Premna odorata</i></b>. The leaves are fragrant and used medicinally."
"adía","CEBWORD","adía"
"adía","TEXT","<i lang=""cebword"">short form:</i>"
"adía","CEBWORD","día"
"adía","NUMBER","1"
"adía","TEXT","is here (nearer me than you)."
"adía","CEBPHRASE","Adía sa táas ang lamísa, ikanáug,"
"adía","TEXT","The table is up here. Bring it downstairs."
"adía","NUMBER","2"
"adía","TEXT","<i lang=""cebword"">in narration:</i> now, at this juncture."
"adía","CEBPHRASE","Nalípay siya kay, día, nadátù na man pud siya,"
"adía","TEXT","He was happy because, here he was, he managed to become rich in turn."
"ádik","CEBWORD","ádik"
"ádik","WORDTYPE","n"
"ádik","TEXT","drug addict."
"ádik","WORDTYPE","v"
"ádik","CLASS","[B1256]"
"ádik","TEXT","become a drug addict."
"adilantádu","CEBWORD","adilantádu"
"adilantádu","WORDTYPE","a"
"adilantádu","NUMBER","1"
"adilantádu","TEXT","developed, advanced."
"adilantádu","CEBPHRASE","Adilantádu ang Pilipínas sa Aprika sa panguma,"
"adilantádu","TEXT","The Philippines is ahead of Africa in agriculture."
"adilantádu","NUMBER","2"
"adilantádu","TEXT","for a watch to be advanced."
"adilantar","CEBWORD","adilantar"
"adilantar","LINK","adilantu"
"adilantu","CEBWORD","adilantu"
"adilantu","WORDTYPE","v"
"adilantu","CLASS","[B2]"
"adilantu","TEXT","become better."
"adilantu","CEBPHRASE","Dílì ta muadilantu niánang pangitáa,"
"adilantu","TEXT","Our financial situation won’t improve if that is the only way we can make our living."
"adilantu","CEBWORD","kaadilantúhan"
"adilantu","WORDTYPE","n"
"adilantu","TEXT","improvement."
"adilantu","CEBPHRASE","Pára sa kaadilantúhan sa átung panimúyù,"
"adilantu","TEXT","For the improvement of our standard of living."
"adilpa","CEBWORD","adilpa"
"adilpa","WORDTYPE","n"
"adilpa","TEXT","oleander, k.o. highly poisonous, tall ornamental shrub with showy pink or white flowers: <b><i>Nerium indicum</i></b>."
"adimas","CEBWORD","adimas"
"adimas","TEXT","furthermore, besides."
"adimas","CEBPHRASE","Adimas utúkan man sab siya,"
"adimas","TEXT","Besides, he’s intelligent, too."
"adingmasin","CEBWORD","adingmasin"
"adingmasin","WORDTYPE","n"
"adingmasin","TEXT","adding machine."
"adingmasin","WORDTYPE","v"
"adingmasin","CLASS","[a12]"
"adingmasin","TEXT","add up on a machine."
"adingmasin","CEBPHRASE","Adingmasina lang ni arun way sayup,"
"adingmasin","TEXT","Add this up on the machine, so there won’t be any mistakes."
"adinúwid","CEBWORD","adinúwid"
"adinúwid","WORDTYPE","n"
"adinúwid","TEXT","adenoids."
"adinúwid","WORDTYPE","v"
"adinúwid","CLASS","[a4]"
"adinúwid","TEXT","have adenoid trouble."
"adisir, adísir","CEBWORD","adisir, adísir"
"adisir, adísir","TEXT","before [so-and-so] happens."
"adisir, adísir","CEBPHRASE","Adisir ka muadtu, pagtilipunu úsà,"
"adisir, adísir","TEXT","Before you go there, phone him first."
"adiyus, adiyús","CEBWORD","adiyus, adiyús"
"adiyus, adiyús","NUMBER","1"
"adiyus, adiyús","TEXT","farewell (literary)."
"adiyus, adiyús","NUMBER","2"
"adiyus, adiyús","CEBWORD","— na lámang"
"adiyus, adiyús","TEXT","never mind, forget about s.t. expended for nothing."
"adiyus, adiyús","CEBPHRASE","Ug mupahulam ka níyag kwarta, adiyus na lang,"
"adiyus, adiyús","TEXT","If you lend him money, you might as well kiss it <span class=""corr"" id=""xd20e8434"" title=""Source: good-bye"">goodbye</span>."
"adiyus, adiyús","NUMBER","3"
"adiyus, adiyús","TEXT","exclamation at the unpleasant consequences of s.t. one has observed taking place."
"adiyus, adiyús","CEBPHRASE","Adiyús nabásag na hinúun,"
"adiyus, adiyús","TEXT","Oh Jesus! It broke!"
"adiyus, adiyús","CEBPHRASE","Adiyús nalimtan nákù ag pitáka,"
"adiyus, adiyús","TEXT","Jesus! I forgot my purse!"
"adlaw","CEBWORD","adlaw"
"adlaw","WORDTYPE","n"
"adlaw","NUMBER","1"
"adlaw","TEXT","sun."
"adlaw","NUMBER","2"
"adlaw","TEXT","day."
"adlaw","CEBPHRASE","May adlaw nga magbásul ka,"
"adlaw","TEXT","The day will come that you will be sorry."
"adlaw","NUMBER","2a"
"adlaw","TEXT","day, as opposed to night."
"adlaw","CEBWORD","pila ka —"
"adlaw","TEXT","it won’t be long."
"adlaw","CEBPHRASE","Pila ka adlaw makapánaw ta sa búwan,"
"adlaw","TEXT","Soon we’ll be able to take trips to the moon."
"adlaw","NUMBER","2b"
"adlaw","TEXT","one’s day for winning."
"adlaw","CEBPHRASE","ímu tanang adlaw,"
"adlaw","TEXT","You get all the breaks."
"adlaw","NUMBER","3"
"adlaw","TEXT","birthday."
"adlaw","NUMBER","4"
"adlaw","TEXT","amount earned in a day."
"adlaw","CEBPHRASE","Singku ra may íyang adlaw niánà,"
"adlaw","TEXT","He only gets five pesos a day from it."
"adlaw","CEBWORD","— sa minatay"
"adlaw","TEXT","All Soul’s Day."
"adlaw","CEBWORD","Mahal nga —"
"adlaw","TEXT","Holy Week."
"adlaw","WORDTYPE","v"
"adlaw","NUMBER","1"
"adlaw","CLASS","[A3; b6]"
"adlaw","TEXT","receive a certain amount daily."
"adlaw","CEBPHRASE","Muadlaw kug tagduha ka líbu ka písus,"
"adlaw","TEXT","I net two thousand pesos a day."
"adlaw","CEBPHRASE","Adláwi lang siyag tag-diyis,"
"adlaw","TEXT","Pay him ten pesos per day."
"adlaw","NUMBER","2"
"adlaw","CLASS","[A; b6]"
"adlaw","TEXT","celebrate a birthday."
"adlaw","CEBPHRASE","Adtu nyà sa ámù kay mag-adlaw ku,"
"adlaw","TEXT","Come to my house for my birthday party."
"adlaw","CEBWORD","adlaw-adlaw"
"adlaw","TEXT","every day."
"adlaw","CEBWORD","-an"
"adlaw","WORDTYPE","a"
"adlaw","TEXT","for it to be daylight."
"adlaw","CEBPHRASE","Ayaw úsà pagpaúli. Adláwan pa bítaw,"
"adlaw","TEXT","Don’t go home yet! It’s still daylight anyway."
"adlaw","CEBWORD","-an(→)"
"adlaw","WORDTYPE","n"
"adlaw","TEXT","food used to celebrate a birthday with."
"adlaw","CEBPHRASE","Iháwa na ang adlawan,"
"adlaw","TEXT","Slaughter the birthday pig."
"adlaw","CEBWORD","-in-"
"adlaw","WORDTYPE","a"
"adlaw","NUMBER","1"
"adlaw","TEXT","daily, by the day."
"adlaw","NUMBER","2"
"adlaw","TEXT","lukewarm (lit. put in the sun)."
"adlaw","CEBPHRASE","Túbig inadlaw,"
"adlaw","TEXT","Warm water."
"adlaw","WORDTYPE","v"
"adlaw","NUMBER","1"
"adlaw","CLASS","[A; a2]"
"adlaw","TEXT","do on a daily basis."
"adlaw","CEBPHRASE","Inadlawun (inadláwun) ka nákug dúaw,"
"adlaw","TEXT","I will visit you daily."
"adlaw","NUMBER","2"
"adlaw","CLASS","[A; c1]"
"adlaw","TEXT","make water warm."
"adlaw","CEBWORD","-in-an"
"adlaw","WORDTYPE","n"
"adlaw","TEXT","birthday present."
"adlaw","CEBWORD","ka-an"
"adlaw","WORDTYPE","n"
"adlaw","TEXT","birthday, day of patron saint."
"adlaw","CEBWORD","ka-un"
"adlaw","WORDTYPE","n"
"adlaw","TEXT","dawn."
"adlaw","CEBPHRASE","Mugíkan ku ugmà sa kaadláwun,"
"adlaw","TEXT","I’ll leave tomorrow at dawn."
"adlaw","CEBWORD","pang-"
"adlaw","WORDTYPE","n"
"adlaw","NUMBER","1"
"adlaw","TEXT","s.t. used during daytime."
"adlaw","CEBPHRASE","Sanínang pang-adlaw,"
"adlaw","TEXT","Dress for daytime wear."
"adlaw","NUMBER","2"
"adlaw","TEXT","day shift work."
"adlaw","CEBWORD","tala-an"
"adlaw","WORDTYPE","n"
"adlaw","TEXT","diary."
"adlaw","CEBWORD","ti-"
"adlaw","NUMBER","1"
"adlaw","LINK","ting-"
"adlaw","CEBWORD","2"
"adlaw","WORDTYPE","a"
"adlaw","TEXT","sunny."
"adlaw","CEBPHRASE","Sa buntag tiadlaw, apan sa hápun nag-ulan,"
"adlaw","TEXT","In the morning it was sunny, but in the afternoon it rained."
"adlaw","CEBWORD","ting-"
"adlaw","WORDTYPE","n"
"adlaw","TEXT","dry season.†"
"adlib<sub>2</sub>, adlip<sub>1</sub>","CEBWORD","adlib<sub>2</sub>, adlip<sub>1</sub>"
"adlib<sub>2</sub>, adlip<sub>1</sub>","TEXT","ad lib in music."
"adlib<sub>2</sub>, adlip<sub>1</sub>","WORDTYPE","v"
"adlib<sub>2</sub>, adlip<sub>1</sub>","CLASS","[A; b6(1)]"
"adlib<sub>2</sub>, adlip<sub>1</sub>","TEXT","perform music ad lib."
"adlip<sub>2</sub>","CEBWORD","adlip<sub>2</sub>"
"adlip<sub>2</sub>","WORDTYPE","v"
"adlip<sub>2</sub>","CLASS","[A; ab27]"
"adlip<sub>2</sub>","TEXT","slice into long pieces."
"adlip<sub>2</sub>","CEBPHRASE","Adlípa ang mangga sa makatulu,"
"adlip<sub>2</sub>","TEXT","Slice the mango into three pieces."
"adlip<sub>2</sub>","CEBPHRASE","Hiadlipan ákung tudlù,"
"adlip<sub>2</sub>","TEXT","My finger got cut as I was slicing s.t."
"adlip<sub>2</sub>","WORDTYPE","n"
"adlip<sub>2</sub>","TEXT","slice."
"adlù","CEBWORD","adlù"
"adlù","WORDTYPE","n"
"adlù","TEXT","k.o. fish."
"administradur","CEBWORD","administradur"
"administradur","WORDTYPE","n"
"administradur","NUMBER","1"
"administradur","TEXT","administrator of an estate."
"administradur","NUMBER","2"
"administradur","TEXT","head of a government agency."
"administradur","WORDTYPE","v"
"administradur","CLASS","[A; a2]"
"administradur","TEXT","be an administrator."
"administrasiyun","CEBWORD","administrasiyun"
"administrasiyun","WORDTYPE","n"
"administrasiyun","TEXT","the administration incumbent at a certain period."
"administrasiyun","CEBPHRASE","Sa administrasiyun ni Garsíya,"
"administrasiyun","TEXT","During Garcia’s administration."
"administratíbu","CEBWORD","administratíbu"
"administratíbu","WORDTYPE","n"
"administratíbu","TEXT","administrative."
"admirar","CEBWORD","admirar"
"admirar","WORDTYPE","v"
"admirar","CLASS","[A; b]"
"admirar","TEXT","admire."
"admirar","CEBPHRASE","Ug buhátun nà nímu, admirahan ka giyud,"
"admirar","TEXT","If you do that, people will admire you for it.†"
"admisiyun","CEBWORD","admisiyun"
"admisiyun","WORDTYPE","n"
"admisiyun","NUMBER","1"
"admisiyun","TEXT","general admission section in a theater or stadium."
"admisiyun","NUMBER","2"
"admisiyun","TEXT","cost of admission in a theater or stadium."
"admisiyun","NUMBER","3"
"admisiyun","TEXT","admission slip to an exam."
"admitar","CEBWORD","admitar"
"admitar","WORDTYPE","v"
"admitar","NUMBER","1"
"admitar","CLASS","[A; b(1)]"
"admitar","TEXT","admit, concede a point."
"admitar","CEBPHRASE","Admitahi lang nà,"
"admitar","TEXT","Just admit it."
"admitar","NUMBER","2"
"admitar","CLASS","[A; a12]"
"admitar","TEXT","admit to a hospital."
"admitídu","CEBWORD","admitídu"
"admitídu","WORDTYPE","n"
"admitídu","TEXT","one who has conceded a point, admitted s.t."
"admitídu","CEBPHRASE","Admitídu siya nga siya nakadawat sa sulat,"
"admitídu","TEXT","He admits that he has received the letter."
"admitir","CEBWORD","admitir"
"admitir","LINK","admitar"
"adngan","CEBWORD","adngan"
"adngan","WORDTYPE","n"
"adngan","TEXT","k.o. small fish."
"adpan","CEBWORD","adpan"
"adpan","WORDTYPE","v"
"adpan","CLASS","[B1; a4]"
"adpan","TEXT","be slightly scorched to the point of being discolored."
"adpan","CEBPHRASE","Naadpan (giadpan) ang ákung pánit,"
"adpan","TEXT","My skin became tanned."
"adpan","CEBWORD","-an"
"adpan","WORDTYPE","a"
"adpan","TEXT","tending to get easily tanned."
"adris","CEBWORD","adris"
"adris","WORDTYPE","n"
"adris","TEXT","address."
"adris","CEBWORD","way —"
"adris","WORDTYPE","n"
"adris","TEXT","tough guy, police character (lit. one who does not have an established residence)."
"adris","CEBPHRASE","Ikaw nga maistru makigbúnù ánang way adris,"
"adris","TEXT","You, a teacher, want to fight with that police character?"
"adris","WORDTYPE","v"
"adris","CLASS","[A; c]"
"adris","TEXT","write an address."
"adris","CEBPHRASE","Unsay ákung iadris sa suwat?"
"adris","TEXT","What address shall I put on the letter?"
"adtu<sub>1</sub>","CEBWORD","adtu<sub>1</sub>"
"adtu<sub>1</sub>","NUMBER","1"
"adtu<sub>1</sub>","TEXT","there (far away, future)."
"adtu<sub>1</sub>","CEBPHRASE","Adtu ku higdà sa íla,"
"adtu<sub>1</sub>","TEXT","I will sleep there at their house."
"adtu<sub>1</sub>","NUMBER","2"
"adtu<sub>1</sub>","TEXT","will go s.w. far."
"adtu<sub>1</sub>","CEBPHRASE","Adtu ku sa Karbun,"
"adtu<sub>1</sub>","TEXT","I’m going to the market."
"adtu<sub>1</sub>","NUMBER","3"
"adtu<sub>1</sub>","TEXT","there he (she, etc.) goes doing it (although he shouldn’t be)."
"adtu<sub>1</sub>","CEBPHRASE","Adtu nanghambug na sad,"
"adtu<sub>1</sub>","TEXT","There he goes again, showing off."
"adtu<sub>1</sub>","WORDTYPE","v"
"adtu<sub>1</sub>","NUMBER","1"
"adtu<sub>1</sub>","CLASS","[A2; b3c]"
"adtu<sub>1</sub>","TEXT","go, bring to a place."
"adtu<sub>1</sub>","CEBPHRASE","Nakaadtu na ku didtu kas-a,"
"adtu<sub>1</sub>","TEXT","I went there once."
"adtu<sub>1</sub>","CEBPHRASE","Unsa mang lugára ang giadtúan ninyu?"
"adtu<sub>1</sub>","TEXT","What place did you go to?"
"adtu<sub>1</sub>","CEBPHRASE","Iadtu kini ngadtu sa íla,"
"adtu<sub>1</sub>","TEXT","Go bring this to their house."
"adtu<sub>1</sub>","NUMBER","2"
"adtu<sub>1</sub>","CLASS","[A13; a2]"
"adtu<sub>1</sub>","TEXT","go get s.t."
"adtu<sub>1</sub>","CEBPHRASE","Ikaw bay nag-adtu kang Pidru arun paanhíun siya?"
"adtu<sub>1</sub>","TEXT","Were you the one who went to Pedro’s to tell him to come?"
"adtu<sub>1</sub>","CEBPHRASE","Ug dì ka manáug ánang kahúya adtúun tika,"
"adtu<sub>1</sub>","TEXT","If you do not come down from that tree, I’ll come up after you."
"adtu<sub>1</sub>","CEBWORD","hi-/ha-"
"adtu<sub>1</sub>","WORDTYPE","v"
"adtu<sub>1</sub>","CLASS","[B1256; b6]"
"adtu<sub>1</sub>","TEXT","happen to go."
"adtu<sub>1</sub>","CEBPHRASE","Diyútay ra kaáyu ang mahiadtu sa mga táwu,"
"adtu<sub>1</sub>","TEXT","A very small amount seeps down to the people."
"adtu<sub>1</sub>","CEBWORD","adtuan"
"adtu<sub>1</sub>","WORDTYPE","v"
"adtu<sub>1</sub>","CLASS","[A13]"
"adtu<sub>1</sub>","TEXT","always go s.w."
"adtu<sub>1</sub>","CEBPHRASE","Mag-adtuan ku sa íla káda buntag,"
"adtu<sub>1</sub>","TEXT","I always go see them every morning."
"adtu<sub>1</sub>","CEBWORD","adtuúnun, aladtúun"
"adtu<sub>1</sub>","WORDTYPE","n"
"adtu<sub>1</sub>","TEXT","things one has to get."
"adtu<sub>1</sub>","WORDTYPE","a"
"adtu<sub>1</sub>","TEXT","hard to get to."
"adtu<sub>1</sub>","CEBPHRASE","Dì ku muadtu sa inyu kay aladtúun kaáyu,"
"adtu<sub>1</sub>","TEXT","I won’t go to your place because it is hard to get to."
"adtu<sub>1</sub>","CEBWORD","umaadtúay, umaadtu"
"adtu<sub>1</sub>","WORDTYPE","n"
"adtu<sub>1</sub>","TEXT","about to go."
"adtu<sub>1</sub>","CEBWORD","kaadtuun"
"adtu<sub>1</sub>","WORDTYPE","a"
"adtu<sub>1</sub>","TEXT","feel very much like going s.w."
"adtu<sub>2</sub>","CEBWORD","adtu<sub>2</sub>"
"adtu<sub>2</sub>","NUMBER","1"
"adtu<sub>2</sub>","LINK","niadtu"
"adtu<sub>2</sub>","NUMBER","2"
"adtu<sub>2</sub>","LINK","kaniadtu"
"adtu<sub>2</sub>","NUMBER","3"
"adtu<sub>2</sub>","LINK","kadtu"
"adtu<sub>2</sub>","TEXT","(dialectal)."
"adtut","CEBWORD","adtut"
"adtut","LINK","adtu"
"adtut","TEXT","(colloquial)."
"adubádu","CEBWORD","adubádu"
"adubádu","LINK","adubáwu"
"adubáwu<sub>1</sub>","CEBWORD","adubáwu<sub>1</sub>"
"adubáwu<sub>1</sub>","WORDTYPE","n"
"adubáwu<sub>1</sub>","TEXT","meat cooked in salt, vinegar with spices then fried, with fat or liquid leftover."
"adubáwu<sub>1</sub>","WORDTYPE","v"
"adubáwu<sub>1</sub>","CLASS","[A; a]"
"adubáwu<sub>1</sub>","TEXT","cook <i lang=""cebword"">adubáwu.</i>"
"adubáwu<sub>1</sub>","CEBPHRASE","átù lang adubawúhun ning bábuy,"
"adubáwu<sub>1</sub>","TEXT","We’ll just make <i lang=""cebword"">adubáwu</i> out of this pork."
"adubáwu<sub>2</sub>","CEBWORD","adubáwu<sub>2</sub>"
"adubáwu<sub>2</sub>","LINK","kútil: n v1."
"adúbi","CEBWORD","adúbi"
"adúbi","WORDTYPE","n"
"adúbi","TEXT","adobe, bricks made of clay."
"adúbi","WORDTYPE","v"
"adúbi","CLASS","[A; a12]"
"adúbi","TEXT","build s.t. with adobe."
"adúbu","CEBWORD","adúbu"
"adúbu","WORDTYPE","n"
"adúbu","TEXT","meat fried in salt and vinegar."
"adúbu","WORDTYPE","v"
"adúbu","CLASS","[A; a]"
"adúbu","TEXT","cook <i lang=""cebword"">adúbu.</i>"
"adul","CEBWORD","adul"
"adul","WORDTYPE","a"
"adul","TEXT","mentally deficient."
"adul","CEBPHRASE","Dì giyud kasabut ang adul bísag unsáug isplikar,"
"adul","TEXT","No matter how you explain it to the imbecile, he will never understand."
"*adult","CEBWORD","*adult"
"*adult","WORDTYPE","n"
"*adult","CEBWORD","— idyukisyun"
"*adult","TEXT","adult education.†"
"adultiryu","CEBWORD","adultiryu"
"adultiryu","WORDTYPE","n"
"adultiryu","TEXT","adultery."
"ad-un","CEBWORD","ad-un"
"ad-un","LINK","adúna"
"ad-un","TEXT","(dialectal)."
"adúna","CEBWORD","adúna"
"adúna","TEXT","<i lang=""cebword"">short form:</i>"
"adúna","CEBWORD","dúna"
"adúna","TEXT","there is, are, will be."
"adúna","CEBPHRASE","Dúnay libru sa lamísa,"
"adúna","TEXT","There is a book on the table."
"adúna","CEBWORD","-y <span class=""rm"">[<i lang=""ceb"">subject</i>]</span>"
"adúna","TEXT","[subject] has."
"adúna","CEBPHRASE","Dúnay libru si Huwan,"
"adúna","TEXT","John has a book."
"adúna","CEBWORD","paka-"
"adúna","WORDTYPE","v"
"adúna","CLASS","[A; a]"
"adúna","NUMBER","1"
"adúna","TEXT","strive to have s.t."
"adúna","CEBPHRASE","Bisag wà kuy kwarta, pakaadunáhun giyud aku nímu,"
"adúna","TEXT","Even though I have no money, you want to force me to get some."
"adúna","NUMBER","2"
"adúna","LINK","pakaadunáhan"
"adúna","CEBWORD","adunáhan"
"adúna","WORDTYPE","a"
"adúna","TEXT","wealthy."
"adúna","CEBPHRASE","Usa siya sa mga adunáhan sa ámung lungsud,"
"adúna","TEXT","He is one of the wealthy people in our town."
"adúna","CEBWORD","pakaadunáhan"
"adúna","WORDTYPE","v"
"adúna","CLASS","[A13; a12]"
"adúna","TEXT","pretend to be wealthy, consider to be wealthy."
"adúna","CEBPHRASE","Nagpakaadunáhan siya bisag way nahut,"
"adúna","TEXT","He pretends to be rich even though he hasn’t got a penny."
"adúna","CEBPHRASE","Gipakaadunáhan ba aku nímu?"
"adúna","TEXT","Do you think I’m rich?"
"aduptǎr","CEBWORD","aduptǎr"
"aduptǎr","WORDTYPE","v"
"aduptǎr","CLASS","[A; a12]"
"aduptǎr","TEXT","adopt a child.†"
"adurnu","CEBWORD","adurnu"
"adurnu","WORDTYPE","n"
"adurnu","TEXT","decoration."
"adurnu","WORDTYPE","v"
"adurnu","CLASS","[A; c]"
"adurnu","TEXT","decorate."
"adurnu","CEBPHRASE","Nindut kaáyu ang kapilya nga giadurnúhan ug búlak,"
"adurnu","TEXT","The chapel was beautifully decorated with flowers."
"adurnu","CEBWORD","paN-"
"adurnu","WORDTYPE","v"
"adurnu","CLASS","[A2]"
"adurnu","TEXT","make oneself up, put on s.t. special."
"adurnu","CEBPHRASE","Nangadurnu ang mga dalága,"
"adurnu","TEXT","The girls are getting themselves all fixed up."
"adwána","CEBWORD","adwána"
"adwána","WORDTYPE","n"
"adwána","TEXT","customs.†"
"*adyà","CEBWORD","*adyà"
"*adyà","CEBWORD","-an"
"*adyà","WORDTYPE","a"
"*adyà","TEXT","selective, choosy."
"*adyà","CEBPHRASE","Adyaan man gud nang bayhána; mau nga wà maminyù,"
"*adyà","TEXT","That woman is choosy; that is why she did not get married."
"*adyà","WORDTYPE","v"
"*adyà","CLASS","[B12]"
"*adyà","TEXT","become choosy."
"adyaks","CEBWORD","adyaks"
"adyaks","WORDTYPE","n"
"adyaks","NUMBER","1"
"adyaks","TEXT","a brand name for a dish cleanser."
"adyaks","NUMBER","2"
"adyaks","TEXT","prostitute (slang)."
"adyas","CEBWORD","adyas"
"adyas","WORDTYPE","v"
"adyas","CLASS","[A; c]"
"adyas","TEXT","put at a specific setting, adjust."
"adyas","CEBPHRASE","ákung adyasun (iadyas) ang pabílu sa sugà,"
"adyas","TEXT","I’ll adjust the lamp wick."
"adyinda","CEBWORD","adyinda"
"adyinda","WORDTYPE","n"
"adyinda","TEXT","agenda."
"adyinda","WORDTYPE","v"
"adyinda","CLASS","[A; c]"
"adyinda","TEXT","put on the agenda."
"adyinda","CEBPHRASE","Iadyinda nà sa sunud míting,"
"adyinda","TEXT","Put that in the agenda for the next meeting."
"adyinumútu","CEBWORD","adyinumútu"
"adyinumútu","WORDTYPE","n"
"adyinumútu","TEXT","brand of monosodium glutamate."
"adyinumútu","WORDTYPE","v"
"adyinumútu","CLASS","[A; bc]"
"adyinumútu","TEXT","cook with Ajinomoto."
"ag","CEBWORD","ag"
"ag","TEXT","<i lang=""cebword"">short form:</i>"
"ag","CEBWORD","g"
"ag","TEXT","subject marker for specific or past time subject (dialectal)."
"ag","CEBPHRASE","Ag táwung gibukbuk sa buguy namatay ganíha,"
"ag","TEXT","The man that was mauled by the ruffian died a while ago."
"ag","CEBWORD","— sa"
"ag","TEXT","past time substitute for <i lang=""cebword"">sa.</i>"
"ag","CEBPHRASE","Pwirting uwánga ag sa irù,"
"ag","TEXT","My, how that dog barked."
"agaab","CEBWORD","agaab"
"agaab","WORDTYPE","v"
"agaab","CLASS","[A2; b3]"
"agaab","TEXT","cry out loudly."
"agaab","CEBPHRASE","Miagaab ang bátà kay giilúgan sa íyang duláan,"
"agaab","TEXT","The child cried loudly when his toys were snatched away."
"agáak","CEBWORD","agáak"
"agáak","LINK","akáak"
"*agad","CEBWORD","*agad"
"*agad","CEBWORD","— ug, y"
"*agad","TEXT","it would be a good thing if such-and-such were the case."
"*agad","CEBPHRASE","Agad pag magtuun ka imbis magdúlà,"
"*agad","TEXT","It would be better for you to study instead of playing."
"*agad","CEBPHRASE","Agad pa untay nagduktur ka sa kaping mag-abugádu,"
"*agad","TEXT","It would have been nice if you had become a doctor instead of a lawyer."
"*agad","CEBWORD","— nga"
"*agad","TEXT","it was good enough as it was before a change took place."
"*agad","CEBPHRASE","Agad siyang natúlug, ngánu pa mang ímung gipúkaw?"
"*agad","TEXT","He was doing all right sleeping. What did you have to go and wake him up for?"
"ágad","CEBWORD","ágad"
"ágad","LINK","alágad"
"ágad","CEBWORD","paN-"
"ágad","WORDTYPE","v"
"ágad","CLASS","[A2; b6]"
"ágad","TEXT","for a prospective bridegroom to stay in the girl’s place just prior to the marriage ceremony in order to serve the family."
"ágad","CEBPHRASE","Pangagáran úsà nímu ang ginikánan arun kauyúnan ka níla,"
"ágad","TEXT","You serve the girl’s parents so that they will come to like you."
"ágad","CEBWORD","-um-"
"ágad","WORDTYPE","n"
"ágad","TEXT","son-in-law."
"ágad","WORDTYPE","v"
"ágad","CLASS","[A23S; a12]"
"ágad","TEXT","take as a son-in-law."
"ágad","CEBWORD","umagarun"
"ágad","WORDTYPE","n"
"ágad","TEXT","prospective son-in-law."
"agad-ad<sub>1</sub>","CEBWORD","agad-ad<sub>1</sub>"
"agad-ad<sub>1</sub>","WORDTYPE","a"
"agad-ad<sub>1</sub>","TEXT","slightly rubbery, but soft to chew."
"agad-ad<sub>1</sub>","CEBPHRASE","Ang alud-ud sa manuk agad-ad kaúnun,"
"agad-ad<sub>1</sub>","TEXT","Chicken cartilage is soft to chew."
"agad-ad<sub>2</sub>","CEBWORD","agad-ad<sub>2</sub>"
"agad-ad<sub>2</sub>","WORDTYPE","v"
"agad-ad<sub>2</sub>","CLASS","[A]"
"agad-ad<sub>2</sub>","TEXT","grunt contentedly."
"agad-ad<sub>2</sub>","CEBPHRASE","Muagad-ad ang anay ug magpasúsu sa íyang mga baktin,"
"agad-ad<sub>2</sub>","TEXT","A sow grunts when nursing its litter."
"agad-ad<sub>2</sub>","WORDTYPE","n"
"agad-ad<sub>2</sub>","TEXT","prolonged grunt of contentment emitted by pigs."
"ag-ag","CEBWORD","ag-ag"
"ag-ag","LINK","alag-ag"
"*agagang","CEBWORD","*agagang"
"*agagang","CEBWORD","hi-/ha-"
"*agagang","WORDTYPE","v"
"*agagang","CLASS","[B1256]"
"*agagang","TEXT","hesitate doing s.t. due to indecision or confusion."
"*agagang","CEBPHRASE","Nahiagagang siya pagdáwat sa rigálu,"
"*agagang","TEXT","She hesitated before accepting the present."
"agáhad","CEBWORD","agáhad"
"agáhad","WORDTYPE","v"
"agáhad","CLASS","[A; b6]"
"agáhad","TEXT","clear one’s throat."
"agáhad","CEBPHRASE","Miagáhad siya, unyà nangluwà,"
"agáhad","TEXT","He cleared his throat, then spat."
"agáhad","WORDTYPE","n"
"agáhad","TEXT","action of clearing the throat."
"ágak","CEBWORD","ágak"
"ágak","WORDTYPE","v"
"ágak","NUMBER","1"
"ágak","CLASS","[A; a12]"
"ágak","TEXT","give the hand to lead or lend support."
"ágak","CEBPHRASE","Akù siyang agákun tapun sa karsáda,"
"ágak","TEXT","I’ll help him cross the street."
"ágak","NUMBER","2"
"ágak","CLASS","[A; a12]"
"ágak","TEXT","guide s.o. in moral principles."
"ágak","CEBPHRASE","Kitang mga hamtung angayang muágak sa mga batan-un,"
"ágak","TEXT","We older folks should guide the younger generation."
"ágak","CEBWORD","-ay"
"ágak","LINK","ágak"
"ágak","CEBWORD","mag-r-(→), mag-r-"
"ágak","WORDTYPE","n"
"ágak","TEXT","trainer, one who guides others in learning s.t."
"ágak","CEBWORD","-l-un(→)"
"ágak","WORDTYPE","a"
"ágak","TEXT","weak, to be led when walking."
"ágak","CEBPHRASE","Gúlang na táwun si Lúlu alagakun ug mulakaw,"
"ágak","TEXT","Grandpa is so old that he is to be led when he walks.†"
"agak-ak","CEBWORD","agak-ak"
"agak-ak","WORDTYPE","v"
"agak-ak","CLASS","[A]"
"agak-ak","NUMBER","1"
"agak-ak","TEXT","for chickens to make the clucking sound of being disturbed."
"agak-ak","CEBPHRASE","Miagak-ak ang manuk kay nasangkilan,"
"agak-ak","TEXT","The chicken squawked when s.o. touched it."
"agak-ak","NUMBER","2"
"agak-ak","TEXT","cackle, squawk with laughter."
"agálun","CEBWORD","agálun"
"agálun","TEXT","(from <i lang=""cebword"">ágad</i>)"
"agálun","WORDTYPE","n"
"agálun","TEXT","master, boss."
"agálun","WORDTYPE","v"
"agálun","NUMBER","1"
"agálun","CLASS","[A123S]"
"agálun","TEXT","happen to get a master."
"agálun","CEBPHRASE","Nakaagawun akug dagmalan,"
"agálun","TEXT","I happened to work for a cruel master."
"agálun","NUMBER","2"
"agálun","CLASS","[A2SN]"
"agálun","TEXT","for animals or possessions to allow only the owner to make use of it."
"agálun","CEBPHRASE","Nag-agawun kining ákung kabáyù, aku ray makakabayù,"
"agálun","TEXT","My horse is choosy. I’m the only one who can ride on him."
"agálun","CEBWORD","paN-"
"agálun","WORDTYPE","v"
"agálun","CLASS","[A2S; b(1)]"
"agálun","TEXT","work for a master."
"agálun","CEBPHRASE","Mangagálun lang kug way láing kapangabuhían,"
"agálun","TEXT","I’ll work as a servant if I can’t find any other job."
"agálun","CEBPHRASE","Insik ang íyang gipangagawunan,"
"agálun","TEXT","He worked for a Chinese.†"
"agan-an","CEBWORD","agan-an"
"agan-an","WORDTYPE","n"
"agan-an","TEXT","sand-like pellets which are the droppings of a k.o. wood-boring insect."
"agan-an","WORDTYPE","v"
"agan-an","CLASS","[a4b4]"
"agan-an","TEXT","be infested with wood-borers."
"agan-an","CEBWORD","-un(→)"
"agan-an","WORDTYPE","a"
"agan-an","TEXT","having <i lang=""cebword"">agan-an.</i>"
